SAMPLE_NUMBER,Assay_Date,Compartment_Temp,Reagent-A ID,Reagent-A_ID_Exp_Date,Reagent-B_Exp_Date,Reagent-B ID,Material-A ID,Reagent-C Lot,Reagent-D Lot,Reagent-E Lot,Reagent-F Concentration,Reagent-F_Expiration,Reagent-F Lot,SOP Version,Agg%,INSTRUMENT,Main%,Lab_Site,Chemist
120629,2011-01-28,4.9,11-001-0014,04/25/2011,,,R5307-19P,,,10R1856,,01/31/2012,0R1860,4.0,5.79,27.0,90.43,Stat,ChemistO
126733,2011-02-15,4.9,11R0834,05/12/2011,02/23/2011,11R1008,P5530-19N,,,10R1856,,01/31/2012,0R1860,4.0,5.98,81.0,90.16,Park,ChemistV
134380,2011-03-04,5.2,11-001-0014,04/25/2011,,,R6269-22P,,,11-005-0006,,01/31/2012,0R1860,4.0,5.811,34.0,90.301,Stat,ChemistO
140369,2011-03-23,4.9,11R1229,06/14/2011,03/30/2011,11R0847,P5530-19N,,,10R1856,,01/31/2012,0R1860,4.0,5.94,50.0,90.202,Park,ChemistV
142895,2011-03-30,,11-001-0014,04/25/2011,,,R6284-22P,,,11-005-0006,,01/31/2012,0R1860,4.0,5.6735,30.0,90.536,Stat,ChemistO
150741,2011-04-19,4.9,11-002-0098,07/15/2011,,,R6269-22P,,,11-005-0006,,01/31/2012,0R1860,5.0,,30.0,,Stat,ChemistO
150958,2011-04-20,4.9,11-002-0098,07/15/2011,,,R6269-22P,,,11-005-0006,,01/31/2012,0R1860,5.0,5.157,30.0,90.822,Stat,ChemistO
158404,2011-05-09,5.2,11-004-0089,08/03/2011,,,R6284-22P,,,11-005-0006,,01/31/2012,0R1860,5.0,5.5995,30.0,90.54,Stat,ChemistO
166625,2011-05-27,4.9,11-004-0089,08/03/2011,,,R5435-19P,,,11-005-0006,,01/31/2012,0R1860,5.0,,27.0,,Stat,ChemistO
171505,2011-06-08,4.9,11-004-0089,08/03/2011,,,R6284-22P,,,11-005-0006,,01/31/2012,0R1860,5.0,5.8085,38.0,90.379,Stat,ChemistO
172383,2011-06-15,4.9,11R1271,09/13/2011,06/27/2011,11R1398,S4165-09P,,,10R1859,,01/31/2012,0R1860,5.0,5.85,48.0,90.0,Park,ChemistW
172396,2011-06-13,4.9,11-015-0052,09/09/2011,,,R6284-22P,,,11-005-0006,,01/31/2012,0R1860,5.0,5.947,27.0,89.8125,Stat,ChemistO
175554,2011-06-21,4.9,11-015-0052,09/09/2011,07/04/2011,11-014-0040,R6284-22P,C100,11-014-0044,11-005-0006,1.0,01/31/2012,0R1860,5.0,6.1335,29.0,89.6405,Stat,ChemistB
177433,2011-06-24,,11-012-0044,09/22/2011,,,R6284-22P,C100,11-014-0044,11-005-0006,1.0,01/31/2012,0R1860,5.0,6.1555,29.0,89.6545,Stat,ChemistB
189381,2011-07-20,4.9,11-014-0076,10/18/2011,08/03/2011,11-013-0083,R6284-22P,C100,11-014-0044,11-005-0006,1.0,01/31/2012,0R1860,5.0,6.0035,26.0,89.807,Stat,ChemistB
191398,2011-07-26,,11-014-0076,10/18/2011,,,R6284-22P,C100,11-014-0044,11-005-0006,1.0,01/31/2012,0R1860,5.0,6.0095,26.0,89.7715,Stat,ChemistB
196325,2011-08-03,,11-016-0061,09/09/2011,,,R6284-22P,C100,11-014-0044,11-005-0006,1.0,01/31/2012,0R1860,5.0,6.0565,26.0,89.7685,Stat,ChemistB
205882,2011-08-25,,11-014-0118,09/09/2011,,,R6284-22P,C100,11-014-0044,11-005-0006,1.0,01/31/2012,0R1860,5.0,5.9805,38.0,89.865,Stat,ChemistB
208966,2011-08-31,,11-015-0154,11/26/2011,,,R6284-22P,C100,11-014-0125,11-005-0006,1.0,01/31/2012,0R1860,5.0,6.0139999999999985,38.0,89.8935,Stat,ChemistB
213108,2011-09-12,5.2,11R1271,09/13/2011,09/26/2011,11R1435,S4165-09P,C100,11R1525,11-005-0006,1.0,01/31/2012,0R1860,5.0,5.9065,80.0,90.053,Park,ChemistW
216453,2011-09-20,4.9,11-016-0112,12/19/2011,,,R6284-22P,C100,11-014-0125,11-005-0006,1.0,01/31/2012,0R1860,5.0,5.956,26.0,89.919,Stat,ChemistB
224120,2011-10-06,4.9,11-015-0173,01/03/2012,,,R6284-22P,C100,11-014-0125,11-005-0006,1.0,01/31/2012,0R1860,5.0,5.9015,26.0,89.99,Stat,ChemistO
224906,2011-10-10,4.9,11R0394,01/02/2012,,,S4165-09P,C100,11R0395,11-005-0006,1.0,01/31/2012,0R1860,6.0,,80.0,,Park,ChemistF
230799,2011-10-24,4.9,11R1612,01/15/2012,,,S4959-17P,C100,11R1605,11-005-0006,1.0,01/31/2012,0R1860,6.0,,16.0,,Park,ChemistF
233736,2011-10-28,,11-016-0112,12/19/2011,,,R6284-22P,C100,11-012-0179,11-005-0006,1.0,01/31/2012,0R1860,6.0,5.966,29.0,89.934,Stat,ChemistB
234571,2011-11-01,4.9,11-015-0173,01/03/2012,11/15/2011,11-016-0147,R6284-22P,C100,11-012-0179,11-005-0006,1.0,01/31/2012,0R1860,6.0,5.696458990599999,29.0,90.242809001,Stat,ChemistB
238728,2011-11-09,5.2,11R1625,02/08/2012,11/23/2011,11R1457,S4165-09P,C100,11R0397,11-005-0006,1.0,01/31/2012,0R1860,7.0,5.99,81.0,89.82,Park,ChemistA
242655,2011-11-18,5.2,11-012-0190,02/07/2012,,,R6284-22P,C100,11-012-0179,11-005-0006,1.0,01/31/2012,0R1860,7.0,5.6188391077,28.0,90.258893032,Stat,ChemistB
245772,2011-11-23,4.9,11R1625,02/05/2012,11/23/2011,11R1457,S4165-09P,C100,11R1605,11-005-0006,1.0,01/31/2012,0R1860,7.0,,16.0,,Park,ChemistA
249336,2011-12-01,4.9,11R1625,02/05/2012,,,S4165-09P,C100,11R0397,11-005-0006,1.0,01/31/2012,0R1860,7.0,6.1885,48.0,89.60799999999998,Park,ChemistA
253047,2011-12-07,4.9,11R1468,03/04/2012,,,S4165-09P,C100,11R1466,11-005-0006,1.0,01/31/2012,0R1860,7.0,,48.0,,Park,ChemistA
256566,2011-12-14,4.9,11-012-0190,02/07/2012,,,R6269-22P,C100,11-024-0081,11-005-0006,1.0,01/31/2012,0R1860,7.0,5.6852691156,28.0,90.27709664,Stat,ChemistB
258566,2011-12-20,4.9,11-012-0190,02/07/2012,,,R6269-22P,C100,11-024-0081,11-005-0006,1.0,01/31/2012,0R1860,7.0,5.4540302808000005,28.0,90.522140309,Stat,ChemistB
266629,2012-01-04,5.2,12-001-0005,04/04/2012,,,R5435-19P,C100,11-024-0081,11-005-0006,1.0,Expired: 01/31/2012,0R1860,7.0,6.021655600800001,30.0,90.12891648799999,Stat,ChemistB
275818,2012-01-23,4.9,12-001-0005,04/04/2012,,,R6269-22P,C100,11-024-0081,11-005-0006,1.0,01/31/2012,0R1860,8.0,5.5304496634000015,27.0,90.58588600200001,Stat,ChemistB
279381,2012-01-26,,12-001-0040,04/24/2012,02/02/2012,12-001-0029,R5435-19P,C100,11-024-0081,11-005-0006,1.0,01/31/2013,0R1860,8.0,5.9335802437,27.0,90.112808455,Stat,ChemistB
292518,2012-02-18,5.2,12-003-0044,05/17/2012,,,R5435-19P,C100,12-002-0049,11-005-0006,1.0,01/31/2013,0R1860,8.0,5.8187804215,28.0,90.221280347,Stat,ChemistO
292562,2012-02-19,,12-003-0044,05/17/2012,,,R5435-19P,C100,12-002-0049,11-005-0006,1.0,01/31/2013,0R1860,8.0,5.851721331,28.0,90.12623417100001,Stat,ChemistO
299974,2012-03-03,4.9,12-004-0059,04/24/2012,,,R5435-19P,C100,12-002-0049,11-005-0006,1.0,01/31/2013,0R1860,8.0,5.810486135,26.0,90.161233704,Stat,ChemistO
318388,2012-04-01,5.4,12-004-0059,04/24/2012,,,R5435-19P,C100,12-005-0063,11-005-0006,1.0,01/31/2013,0R1860,9.0,5.800705786,28.0,90.24454921899999,Stat,ChemistO
326269,2012-04-14,4.9,12-001-0119,07/14/2012,,,R6284-22P,C100,12-005-0063,11-005-0006,1.0,01/31/2013,0R1860,9.0,,27.0,90.36360551700001,Stat,ChemistO
326833,2012-04-14,,12-001-0119,07/14/2012,,,,C100,12-005-0063,11-005-0006,1.0,01/31/2013,0R1860,,5.627830956,27.0,90.25415978,Stat,ChemistO
330005,2012-04-19,5.2,12-001-0126,07/19/2012,,,R5435-19P,C100,12-001-0127,11-005-0006,1.0,01/31/2013,0R1860,9.0,5.8417134808,27.0,90.081149055,Stat,ChemistO
333938,2012-04-27,5.2,12-001-0126,07/19/2012,,,5435-19P,C100,12-007-0007,11-005-0006,1.0,01/31/2013,0R1860,9.0,5.8400342089,34.0,90.198682333,Stat,ChemistO
334784,2012-05-01,5.2,12-001-0126,07/19/2012,,,R5435-19P,C100,12-007-0007,11-005-0006,1.0,01/31/2013,0R1860,9.0,,29.0,,Stat,ChemistC
337261,2012-05-02,4.9,12-001-0148,08/02/2012,,,R5435-19P,C100,12-003-0112,11-005-0006,1.0,01/31/2013,0R1860,9.0,5.767215565599999,25.0,90.33494521799999,Stat,ChemistO
347186,2012-05-08,4.9,12-001-0148,08/02/2012,,,R5435-19P,C100,12-003-0112,11-005-0006,1.0,01/31/2013,0R1860,9.0,5.797862697999999,25.0,90.29365613200001,Stat,ChemistC
406975,2012-05-17,4.9,12-001-0148,08/02/2012,,,R5435-19P,C100,12-003-0141,11-005-0006,1.0,01/31/2013,0R1860,9.0,5.847622576699999,29.0,90.14331353600001,Stat,ChemistO
435154,2012-05-25,5.2,12-005-0101,08/24/2012,,,R5435-19P,C100,12-003-0141,11-005-0006,1.0,01/31/2013,0R1860,9.0,5.3917396713,29.0,90.30225276,Stat,ChemistO
439671,2012-06-04,4.9,12-001-0186,09/03/2012,,,S9043,C100,12-003-0141,11-005-0006,1.0,01/31/2013,0R1860,9.0,,29.0,,Stat,ChemistO
440028,2012-06-05,4.9,12-001-0186,09/03/2012,,,S9043-05S,C100,12-003-0140,11-005-0006,1.0,01/31/2013,0R1860,9.0,6.0749858793,27.0,89.520761621,Stat,ChemistO
442829,2012-06-06,4.9,12-001-0186,09/03/2012,,,S9043-05S,C100,12-003-0140,11-005-0006,1.0,01/31/2013,0R1860,9.0,5.9259893586,27.0,90.16646455899999,Stat,ChemistO
452859,2012-06-23,4.9,12-001-0197,09/23/2012,,,S9043,C100,12-003-0141,11-005-0006,1.0,01/31/2013,0R1860,9.0,6.1682637238,26.0,89.505411216,Stat,ChemistO
452939,2012-06-24,5.2,12-001-0197,09/23/2012,,,S9043-05S,C100,12-003-0141,11-005-0006,1.0,01/31/2013,0R1860,9.0,6.033905120599999,26.0,89.72048715700001,Stat,ChemistO
464307,2012-07-16,4.9,12-005-0135,10/13/2012,,,S9043-05S,C100,12-002-0164,12-005-006,1.0,01/31/2013,0R1860,9.0,6.2639342607,26.0,89.777503674,Stat,ChemistC
473260,2012-08-01,4.9,12-005-0135,10/13/2012,,,S9043-05S,C100,12-002-0164,11-005-0006,1.0,01/31/2013,0R1860,9.0,6.207998828099999,29.0,89.70811378299999,Stat,ChemistC
482760,2012-08-10,4.9,12-001-0197 and SB-12-005-0135,09/23/2012,,,S9043-05S,C100,12-002-0186,11-005-0006,1.0,01/31/2013,0R1860,9.0,6.371392768200001,29.0,89.255908187,Stat,ChemistC
485969,2012-08-20,4.9,12-001-0197,09/23/2012,08/29/2012,12-021-0014,S9043,C100,12-002-0186,12-018-0008,1.0,01/31/2013,0R1860,9.0,6.1000959687,28.0,89.903840505,Stat,ChemistC
491345,2012-08-23,4.9,12R1414,11/19/2012,09/05/2012,12R1417,S1871-09R,C100,12R1407,12-018-0008,1.0,01/31/2013,0R1860,9.0,6.3995,71.0,89.205,Park,ChemistF
499810,2012-09-04,4.9,12R1414,11/19/2012,09/06/2012,12R0900,S1871-09R,C100,12R1420,12-018-0008,1.0,01/31/2013,0R1860,9.0,6.305,69.0,89.465,Park,ChemistA
520167,2012-10-01,4.9,12-018-0040,01/01/2013,,,S9043-05S,C100,12-019-0023,12-018-0008,1.0,01/31/2013,0R1860,9.0,6.0786795412,34.0,90.00906324299999,Stat,ChemistC
557268,2012-11-12,5.2,12-021-0078,02/05/2013,11/19/2012,12-019-0044,S9043-05S,C100,12-021-0088,12-018-0008,1.0,01/31/2013,0R1860,10.0,6.079,28.0,89.787,Stat,ChemistD
563846,2012-11-19,5.2,12-021-0078,02/05/2013,,,S9043-05S,C100,12-021-0088,12-018-0008,1.0,01/31/2013,0R1860,10.0,6.0585,28.0,89.7765,Stat,ChemistD
576745,2012-12-05,5.2,12-018-0107,01/01/2013,,,S9043-05S,C100,12-021-0088,12-018-0008,1.0,01/31/2013,0R1860,10.0,5.3645,28.0,90.618,Stat,ChemistD
579104,2012-12-11,4.9,12-018-0107,01/01/2013,,,S9043-05S,C100,12-019-0081,12-018-0008,1.0,01/31/2013,0R1860,10.0,5.8695,29.0,90.0245,Stat,ChemistD
586500,2012-12-19,4.9,12-019-0086,03/18/2013,,,S9043-05S,C100,12-019-0085,12-018-0008,1.0,01/31/2013,0R1860,11.0,5.9015,28.0,89.73100000000002,Stat,ChemistD
602260,2013-01-14,4.9,12-019-0086,03/18/2013,,,S9043-05S,C100,12-018-0136,12-018-0008,1.0,01/31/2013,0R1860,11.0,,38.0,,Stat,ChemistD
602863,2013-01-15,4.9,12-019-0117,04/15/2013,01/21/2013,12-021-0144,S9043-05S,C100,12-018-0136,12-018-0008,1.0,01/31/2013,0R1860,11.0,6.0375,27.0,89.37100000000002,Stat,ChemistD
612344,2013-01-29,4.9,12-019-0117,4/15/2013,,,S9043-05S,C100,12-020-0086,12-018-0008,1.0,01/31/2014,0R1860,11.0,5.805,26.0,90.1085,Stat,ChemistD
622129,2013-02-12,4.9,12-019-0086/ SB-12-019-0117,03/18/2013,,,T04260-10S,C100,12-022-0106,12-018-0008,1.0,01/31/2014,0R1860,11.0,6.1406712638,26.0,89.83969457799999,Stat,ChemistB
634482,2013-02-28,4.9,12-019-0149,05/28/2013,,,T04260-10S,C100,12-021-0159,12-018-0008,1.0,01/31/2014,0R1860,11.0,6.212900403,28.0,89.443144719,Stat,ChemistB
634946,2013-03-01,4.9,12-019-0149,05/28/2013,,,T04260-10S,C100,12-021-0159,12-018-0008,1.0,01/31/2014,0R1860,11.0,6.1545244653,28.0,89.86875471100002,Stat,ChemistB
646732,2013-03-15,5.2,12-019-0149,05/28/2013,,,T04260-10S,C100,12-022-0103,12-018-0008,1.0,01/31/2014,0R1860,11.0,6.3041793454,29.0,89.35692774700001,Stat,ChemistB
650824,2013-03-21,4.9,12-021-0193,06/19/2013,,,QC\2013\Mar\rFIXFc,C100,12-022-0154,XFc DEAE Strip Material,1.0,01/31/2014,0R1860,11.0,6.3336770336,29.0,89.289010849,Stat,ChemistE
655798,2013-03-28,4.9,12-021-0193,06/19/2013,,,T04260-10S,C100,12-022-0103,12-018-0008,1.0,01/31/2014,0R1860,11.0,6.318773371900001,28.0,89.375688507,Stat,ChemistE
662316,2013-04-09,5.2,12-021-0193,06/19/2013,,,T04260-10S,C100,13-009-0001,12-018-0008,1.0,01/31/2014,0R1860,11.0,6.1903052045,29.0,89.48795159299999,Stat,ChemistE
675609,2013-04-25,,12-019-0191,07/22/2013,,,T04260-10S,C100,13-009-0004,12-018-0008,1.0,01/31/2014,0R1860,11.0,6.3408470054,26.0,89.461001985,Stat,ChemistE
682282,2013-05-06,4.9,13-009-0027,08/06/2013,,,T04260-10S,C100,13-009-0004,12-018-0008,1.0,01/31/2014,0R1860,11.0,6.2023718622000015,28.0,89.75507397700001,Stat,ChemistE
691536,2013-05-15,4.9,13-009-0027,08/06/2013,,,T04260-10S,C100,13-005-0009,12-018-0008,1.0,01/31/2014,0R1860,11.0,5.9083351578,34.0,90.144880021,Stat,ChemistE
693431,2013-05-20,4.9,13-009-0027,08/06/2013,,,T04260-10S,C100,13-008-0033,12-018-0008,1.0,01/31/2014,0R1860,11.0,5.8497845019,28.0,89.614369741,Stat,ChemistE
694279,2013-05-21,4.9,13-008-0027,08/10/2013,,,T04260-10S,C100,13-008-0033,12-018-0008,1.0,01/31/2014,0R1860,11.0,5.8440203738,28.0,89.73658928,Stat,ChemistE
708248,2013-06-10,4.9,12-019-0191,07/22/2013,,,T04260-10S,C200,13-009-0071,12-018-0008,1.0,01/31/2014,0R1860,11.0,5.8414610825,39.0,90.16382939100001,Stat,ChemistE
711667,2013-06-13,4.9,13R1069,09/09/2013,06/26/2013,13R1077,S1871-09R,C200,13R0765,12-018-008,1.0,01/31/2014,0R1860,11.0,6.1132508136000006,80.0,90.026784147,Park,ChemistF
715430,2013-06-19,4.9,13-008-0027,08/10/2013,,,T04260-10S,C200,13-006-0042,12-018-0008,1.0,01/31/2014,0R1860,11.0,5.7243473195000005,26.0,90.43183219299999,Stat,ChemistE
719244,2013-06-26,4.9,13R1069,09/06/2013,06/26/2013,13R1077,S1871-09R,C200,13R0765,12-018-0008,1.0,01/31/2014,0R1860,11.0,6.1236520098,80.0,89.813734055,Park,ChemistP
725630,2013-07-09,5.2,13R0020,10/06/2013,,,S1871-09R,C200,13R1085,12-018-0008,1.0,01/31/2014,0R1860,11.0,5.967602658,81.0,90.184924656,Park,ChemistF
728013,2013-07-10,4.9,"12-019-0191, SB-13-008-0027",07/22/2013,,,T04260-10S,C200,13-007-0015,12-018-0008,1.0,01/31/2014,0R1860,11.0,5.6589738635,37.0,90.47917112299999,Stat,ChemistE
728463,2013-07-11,,13R0020,10/06/2013,,,S1871-09R,C200,13R1086,12-018-0008,1.0,01/31/2014,0R1860,11.0,,80.0,,Park,ChemistP
733173,2013-07-22,4.9,13-007-0063,10/19/2013,,,T04260-10S,C200,13-006-0059,12-018-0008,1.0,01/31/2014,0R1860,11.0,5.7168685951,29.0,90.365326169,Stat,ChemistE
736224,2013-07-24,4.9,13R0020,10/06/2013,,,S1871-09R,C200,13R0019,12-018-0008,1.0,01/31/2014,0R1860,11.0,5.9079445558,81.0,90.299198715,Park,ChemistP
738302,2013-07-30,5.2,13-007-0063,10/19/2013,,,T04260-10S,C200,13-007-0060,12-018-0008,1.0,01/31/2014,0R1860,11.0,5.2416526869,34.0,90.96532030899999,Stat,ChemistE
744865,2013-08-08,4.9,13R1514,11/04/2013,,,S1871-09R,C200,13R0964,12-018-0008,1.0,01/31/2014,0R1860,11.0,5.9525341333,47.0,90.245271945,Park,ChemistF
748705,2013-08-15,5.2, assay comments,see assay comments,,,T04260-10S,C200,13-008-0077,12-018-0008,1.0,01/31/2014,0R1860,11.0,5.5279674059,29.0,90.60684750200001,Stat,ChemistB
752720,2013-08-21,4.9,13R1514,11/04/2013,,,S1871-09R,C200,13R0964,12-018-0008,1.0,01/31/2014,0R1860,11.0,5.9432817789999985,81.0,90.262204776,Park,ChemistF
754003,2013-08-26,4.9,13-007-0109,11/23/2013,,,T04260-10S,C200,13-008-0077,12-018-0008,1.0,01/31/2014,0R1860,11.0,5.3155349614,28.0,90.84140156,Stat,ChemistB
757234,2013-08-30,4.9,13R1069,09/11/2013,,,S1871-09R,C200,13R0797,12-018-0008,1.0,01/31/2014,0R1860,11.0,5.787158303200001,71.0,90.377315232,Park,ChemistF
761127,2013-09-06,4.9,13-009-0141,12/03/2013,,,T04260-10S,C200,13-007-0111,12-018-0008,1.0,01/31/2014,0R1860,11.0,,28.0,90.67480709200001,Stat,ChemistE
762169,2013-09-10,5.2,13-009-0141,12/03/2013,,,T05189-25S,,13-007-0111,12-018-0008,1.0,01/31/2014,0R1860,11.0,,28.0,,Stat,ChemistE
762234,2013-09-10,5.2,13-009-0141,12/03/2013,,,T05189-25S,,13-007-0111,12-018-0008,1.0,01/31/2014,0R1860,11.0,6.230285684,28.0,89.912894149,Stat,ChemistE
764576,2013-09-11,5.2,13-007-0109,11/23/2013,,,T05189-25S,C200,13-007-0111,12-018-0008,1.0,01/31/2014,0R1860,11.0,6.244059657899999,28.0,90.083485915,Stat,ChemistB
776662,2013-10-02,5.0,13-008-0108,01/01/2014,,,T05189-25S,C200,13-007-0111,12-018-0008,1.0,01/31/2014,0R1860,12.0,6.296898688200001,41.0,89.820527771,Stat,ChemistB
777574,2013-10-04,5.0,13-008-0108,01/01/2014,,,T05189-25S,C200,13-007-0111,12-018-0008,1.0,01/31/2014,0R1860,12.0,6.1259564536,41.0,90.105879309,Stat,ChemistB
782453,2013-10-11,4.9,13-008-0124,01/11/2014,,,T05189-25S,C200,13-007-0111,12-018-0008,1.0,01/31/2014,0R1860,12.0,5.957372663999998,41.0,90.31631159,Stat,ChemistG
783664,2013-10-15,5.0,13-008-0124,01/11/2014,,,T05189-25S,C200,13-007-0111,12-018-0008,1.0,01/31/2014,0R1860,12.0,6.0862904896000005,41.0,89.98155786,Stat,ChemistG
801145,2013-10-28,5.0,13-008-0131,01/28/2014,,,T05189-25S,,13-007-0111,12-018-0008,1.0,01/31/2014,0R1860,12.0,5.9123115464,41.0,90.2504475,Stat,ChemistG
821140,2013-11-01,5.0,13-008-0143,01/16/2014,,,T05189-25S,,13-007-0158,12-018-0008,1.0,01/31/2014,0R1860,12.0,6.1864924385,39.0,89.97079664600003,Stat,ChemistG
831192,2013-11-15,4.9,13-008-0143,01/16/2014,,,T05189-25S,,13-008-0157,12-018-0008,1.0,01/31/2014,0R1860,12.0,,37.0,90.213348368,Stat,ChemistG
836353,2013-11-25,5.2,13-028-0011,02/18/2014,,,W04129-16T,C200,13-008-0157,12-018-0008,1.0,01/31/2014,0R1860,12.0,6.0067799138,26.0,90.099280904,Stat,ChemistG
842793,2013-12-05,4.9,13-008-0187,03/03/2014,,,W04129,C200,13-008-0186,12-018-0008,1.0,01/31/2014,0R1860,12.0,6.1259628618,37.0,89.800106325,Stat,ChemistE
844406,2013-12-10,4.7,13-008-0187,03/03/2014,,,W04129-16T,C200,13-027-0027,12-018-0008,1.0,01/31/2014,0R1860,12.0,5.9953275911000015,37.0,89.87406159999998,Stat,ChemistE
858619,2014-01-06,4.9,13-028-0033,04/03/2014,,,W04129-16T,C200,13-008-0186,12-018-0008,1.0,01/31/2014,0R1860,12.0,6.1779933275,29.0,89.85843230100002,Stat,ChemistE
859364,2014-01-07,5.2,13-028-0033,04/03/2014,,,W04129-16T,C200,13-008-0186,12-018-0008,1.0,01/31/2014,0R1860,12.0,5.9699984896,29.0,90.16245145299999,Stat,ChemistG
861722,2014-01-08,5.2,13-027-0063,03/03/2014,,,W04129-16T,C200,13-008-0186,12-018-0008,1.0,01/31/2014,0R1860,12.0,5.9450265914,29.0,90.14308741100001,Stat,ChemistG
870653,2014-01-28,5.2,13-025-0040,04/14/2014,,,W04129-16T,C200,13-026-0026,12-018-0008,1.0,01/31/2015,0R1860,12.0,5.868260150399999,28.0,90.22574984299999,Stat,ChemistE
877645,2014-02-06,4.9,13-027-0088,05/04/2014,,,W04129-16T,C200,13-008-0186,12-018-0008,1.0,01/31/2015,0R1860,12.0,5.802156194199999,34.0,90.365247401,Stat,ChemistO
879366,2014-02-11,4.9,13-027-0088,05/04/2014,,,W04129-16T,C200,13-024-0068,12-018-0008,1.0,01/31/2015,0R1860,12.0,5.9004624867,38.0,90.21656161700001,Stat,ChemistG
886584,2014-02-19,4.9,13-027-0103,04/14/2014,,,W04129-16T,C200,13-024-0068,12-018-0008,1.0,01/31/2015,0R1860,12.0,5.7533548443,38.0,90.34304457200001,Stat,ChemistG
894540,2014-03-05,4.9,13-025-0092,06/04/2014,,,W04128-16T,C200,13-024-0068,12-018-0008,1.0,01/31/2015,0R1860,12.0,5.9673607475,34.0,90.200613966,Stat,ChemistG
894952,2014-03-06,4.9,13-025-0092,06/04/2014,,,W04128-16T,C200,13-024-0068,12-018-0008,1.0,01/31/2015,0R1860,12.0,5.9364215357,34.0,90.209525134,Stat,ChemistG
896267,2014-03-10,5.2,13-024-0093,06/10/2014,,,W04128-16T,C200,13-024-0084,12-018-0008,1.0,01/31/2015,0R1860,12.0,5.9907205399,38.0,90.160536366,Stat,ChemistB
899389,2014-03-13,4.9,13-024-0093,06/10/2014,,,W04128,C200,13-024-0084,12-018-0008,1.0,01/31/2015,0R1860,12.0,5.9085637537,38.0,90.177711185,Stat,ChemistO
903429,2014-03-20,4.9,13-024-0093,06/10/2014,,,W05548-19T,C200,13-026-0062,12-018-0008,1.0,01/31/2015,0R1860,12.0,5.982259038,28.0,90.430737935,Stat,ChemistE
916325,2014-04-09,4.9,13-024-0108,07/08/2014,,,W05548-19T,C200,13-024-0106,13-028-0104,1.0,01/31/2015,0R1860,12.0,6.204317820599999,38.0,89.789045891,Stat,ChemistG
917501,2014-04-14,4.9,13-024-0108,07/08/2014,,,W04128-16T,C200,13-024-0106,13-028-0104,1.0,01/31/2015,0R1860,12.0,6.1633138871,38.0,89.654817689,Stat,ChemistE
921408,2014-04-21,5.2,13-024-0111,06/10/2014,,,W04128-16T,C200,13-024-0106,13-028-0104,1.0,01/31/2015,0R1860,12.0,6.0129646305,34.0,89.84684950200001,Stat,ChemistG
933831,2014-05-13,4.9,13-024-0111,06/10/2014,,,W05548-19T,C200,13-026-0120,13-028-0104,1.0,01/31/2015,0R1860,12.0,6.1001926311000005,34.0,89.870598822,Stat,ChemistG
936761,2014-05-15,4.9,13-025-0153,08/15/2014,,,W05548-19T,C200,13-024-0106,13-028-0104,1.0,01/31/2015,0R1860,12.0,6.1603687732,26.0,89.69737274799999,Stat,ChemistG
942475,2014-05-23,4.9,13-025-0153,08/15/2014,,,W04128-16T,C200,13-024-0106,13-028-0104,1.0,01/31/2015,0R1860,12.0,6.329270579299999,26.0,89.266929102,Stat,ChemistG
945323,2014-05-28,5.0,33-078,08/23/2014,,,W03805-15T,,320-052,13-028-0104,,,,12.0,6.2715,263.0,89.13,LIN,ChemistH
947367,2014-06-02,4.9,13-025-0153,08/15/2014,,,W05548-19T,C200,13-026-0120,13-028-0104,1.0,01/31/2015,0R1860,12.0,6.1814503245,37.0,89.51093663700001,Stat,ChemistG
954101,2014-06-11,5.0,23-007,09/06/2014,,,W04314,,23-010,,1.0,,,12.0,5.9460000000000015,263.0,89.4865,LIN,ChemistH
959123,2014-06-19,5.0,58-061,09/03/2014,,,T04182-19S,,33-084,13-028-0104,,,,12.0,6.636,,88.3735,LIN,ChemistH
960098,2014-06-23,5.2,13-024-0157,09/17/2014,,,W04128-16T,C200,13-024-0145,13-028-0104,1.0,01/31/2015,0R1860,12.0,6.0729796188,34.0,89.81460746200001,Stat,ChemistE
960722,2014-06-24,5.0,58-061,09/03/2014,,,T04182-19S,,33-084,13-028-0104,,,,12.0,6.308,,89.14299999999999,LIN,ChemistH
964016,2014-06-27,5.2,13-024-0157,09/17/2014,,,W04128-16T,C200,13-024-0145,13-028-0104,1.0,01/31/2015,0R1860,12.0,6.0889469558,34.0,89.59969349299999,Stat,ChemistG
975258,2014-07-16,5.2,13-025-0195,10/01/2014,,,W04128-16T,C200,13-026-0138,13-028-0104,1.0,01/31/2015,0R1860,12.0,6.1667040322,26.0,89.601281448,Stat,ChemistG
983095,2014-08-01,4.9,13-024-0157,09/17/2014,,,W04128-16T,C200,13-026-0136,13-028-0104,1.0,01/31/2015,0R1860,12.0,5.9755371043,37.0,89.679533923,Stat,ChemistG
989161,2014-08-13,5.4,13-024-0157,09/17/2014,,,W04128-16T,,14-019-0033,13-028-0104,1.0,07/01/2015,3-039-0106,13.0,2.0975441213,28.0,94.20006419299999,Stat,ChemistG
997433,2014-08-27,5.0,80-085,11/18/2014,,,T04182-19S,,49-085,13-028-0104,1.0,07/01/2015,3-039-0106,13.0,2.3265,263.0,93.329,LIN,ChemistH
997577,2014-08-27,4.9,14-015-0042,11/27/2014,,,W04128-16T,,14-019-0033,13-028-0104,1.0,07/01/2015,3-039-0106,13.0,2.0685562473,28.0,94.24773541299999,Stat,ChemistG
998216,2014-08-29,5.2,14-015-0042,11/27/2014,,,W04128-16T,,14-019-0033,13-028-0104,1.0,07/01/2015,3-039-0106,13.0,2.0535144968,28.0,94.251252466,Stat,ChemistG
1005801,2014-09-10,4.9,14-019-0056,12/10/2014,,,W04128-16T,,14-015-0022,13-028-0104,1.0,07/01/2015,3-039-0106,13.0,2.1554426511,26.0,94.10618819700001,Stat,ChemistE
1013933,2014-09-24,4.9,14-019-0056,12/10/2014,,,W05548-19T,,14-019-0033,13-028-0104,1.0,07/01/2015,3-039-0106,13.0,2.1499150205,26.0,94.179003138,Stat,ChemistG
1020029,2014-10-06,4.9,14-015-0042,11/27/2014,,,W05548-19T,,14-015-0090,13-028-0104,1.0,07/01/2015,3-039-0106,13.0,2.1224738169,26.0,94.244038262,Stat,ChemistG
1027583,2014-10-17,5.0,29-019,01/16/2015,,,T02066-29P,,59-075,13-028-0104,1.0,07/01/2015,3-039-0106,13.0,2.2880000000000003,263.0,93.6385,LIN,ChemistH
1028711,2014-10-21,5.2,14-018-0151,01/20/2015,,,W05548-19T,,14-015-0090,13-028-0104,1.0,07/01/2015,3-039-0106,13.0,,26.0,93.85890390600001,Stat,ChemistB
1032927,2014-10-28,4.9,14-018-0151,01/20/2015,,,W05548-19T,,14-015-0090,13-028-0104,1.0,07/01/2015,3-039-0106,13.0,2.0979959917,34.0,94.263362773,Stat,ChemistB
1044294,2014-11-13,4.9,14-017-0079,02/13/2015,,,W05548-19T,,14-017-0056,13-028-0104,1.0,07/01/2015,3-039-0106,13.0,2.1141196288,37.0,94.17981951600001,Stat,ChemistB
1049406,2014-11-21,5.0,78-030,02/20/2015,,,WO4314 16T,,29-074,13-028-0104,1.0,07/01/2015,3-039-0106,13.0,,362.0,,LIN,ChemistJ
1053562,2014-11-25,5.0,29-087,02/25/2015,,,Y01203 06W,,29-074,13-028-0104,1.0,07/01/2015,3-039-0106,13.0,2.2575,361.0,93.619,LIN,ChemistJ
1057275,2014-12-03,4.9,14-018-0185,03/03/2015,,,W05548-19T,,14-015-0133,13-028-0104,1.0,07/01/2015,3-039-0106,13.0,2.0800753135,38.0,94.25583294799999,Stat,ChemistB
1059441,2014-12-09,5.0,14-018-0185,03/03/2015,,,W05548-19T,,14-015-0133,13-028-0104,1.0,07/01/2015,3-039-0106,13.0,1.9876984503,39.0,94.335062676,Stat,ChemistG
1067003,2014-12-18,,14-017-0091,03/16/2015,,,W04128-16T,,14-015-0133,13-028-0104,1.0,07/01/2015,3-039-0106,13.0,1.9918417485,39.0,94.37717431700001,Stat,ChemistB
1078596,2015-01-09,4.9,14-017-0103,04/09/2015,,,W04128-16T,,14-015-0131,13-028-0104,1.0,07/01/2015,3-039-0106,13.0,2.1206226063,34.0,94.21357373200001,Stat,ChemistB
1079638,2015-01-15,5.0,29-087,02/25/2015,,,T02066,,56-068,13-028-0104,1.0,07/01/2015,3-039-0106,13.0,2.324,362.0,93.898,LIN,ChemistJ
1096065,2015-02-05,5.0,14-016-0142,05/04/2015,,,W04128-16T,,14-015-0189,13-028-0104,1.0,07/01/2015,3-039-0106,13.0,1.9681317931,43.0,94.440777501,Stat,ChemistL
1096836,2015-02-09,5.0,14-016-0142,05/04/2015,,,W04128-16T,,14-015-0189,13-028-0104,1.0,07/01/2015,3-039-0106,13.0,1.9743583439,43.0,94.442207865,Stat,ChemistB
1096873,2015-02-10,5.0,29-087,02/25/2015,,,T02066-29P,,44-079,13-028-0104,1.0,07/01/2015,3-039-0106,13.0,2.2835,184.0,93.562,LIN,ChemistH
1110357,2015-03-03,5.2,14-019-0155,06/03/2015,,,W04128-16T,,14-015-0190,13-028-0104,1.0,07/01/2015,3-039-0106,13.0,2.0103704201,41.0,94.279054951,Stat,ChemistB
1112343,2015-03-04,5.0,36-020,06/02/2015,,,T02066-29P,,56-084,13-028-0104,1.0,07/01/2015,3-039-0106,13.0,2.2555,184.0,93.2065,LIN,ChemistH
1116673,2015-03-12,5.0,36-020,06/02/2015,,,T04041-19S,,56-084,13-028-0104,1.0,07/01/2015,3-039-0106,13.0,2.042,184.0,94.4385,LIN,ChemistH
1116827,2015-03-12,5.0,14-017-0103,04/09/2015,,,W04128-16T,,15-002-0023,13-028-0104,1.0,07/01/2015,3-039-0106,13.0,,43.0,94.588097121,Stat,ChemistL
1117760,2015-03-17,4.9,15-003-0025,06/16/2015,,,Y06362-13T,,15-002-0023,13-028-0104,1.0,07/01/2015,3-039-0106,13.0,2.0175348897,39.0,94.57458452899999,Stat,ChemistL
1131389,2015-04-08,4.9,14-019-0155,06/03/2015,,,Y06362-13T,,14-016-0187,13-028-0104,1.0,07/01/2015,3-039-0106,13.0,2.1917649786,34.0,94.19256507600001,Stat,ChemistE
1137158,2015-04-20,4.9,15-003-0025,06/16/2015,,,Y06362-13T,,14-016-0196,13-028-0104,1.0,07/01/2015,3-039-0106,13.0,2.1893790816,38.0,94.04540611799999,Stat,ChemistE
1154674,2015-05-12,5.0,15-003-0025,06/16/2015,,,Y06362-13T,,15-003-0043,13-028-0104,1.0,07/01/2015,3-039-0106,13.0,2.1272140258000003,41.0,94.20803103700001,Stat,ChemistL
1163360,2015-05-22,5.0,36-020,06/02/2015,,,W07200-07S,,-033,13-028-0104,1.0,07/01/2015,3-039-0106,13.0,2.43,184.0,93.2145,LIN,ChemistK
1170808,2015-06-01,5.0,15-003-0111,09/01/2015,,,Y06362-13T,,15-002-0105,13-028-0104,1.0,07/01/2015,3-039-0106,13.0,2.2085486213,42.0,93.875247736,Stat,ChemistG
1171069,2015-05-22,5.0,36-020,06/02/2015,,,W03787-T15,,-033,13-028-0104,1.0,07/01/2015,3-039-0106,13.0,2.3040000000000003,183.0,93.8485,LIN,ChemistK
1177961,2015-06-15,5.0,-013,07/20/2015,,,T04041-19S,,-028,13-028-0104,1.0,07/01/2015,3-039-0106,13.0,2.031,184.0,94.303,LIN,ChemistK
1194060,2015-07-01,5.2,15-003-0111,09/01/2015,,,Y06362-13T,,15-002-0121,13-028-0104,1.0,Expired: 07/01/2015,3-039-0106,13.0,2.1639039787,28.0,94.04242125299999,Stat,ChemistL
1199344,2015-07-09,4.9,15-003-0111,09/01/2015,,,Y06362-13T,,15-002-0120,13-028-0104,1.0,07/01/2017,3-039-0106,13.0,2.3461329793,34.0,93.724273794,Stat,ChemistB
1205350,2015-07-17,5.0,0-003,10/17/2015,,,Y04682-13W,,-028,13-028-0104,1.0,07/01/2017,3-039-0106,13.0,2.1285,184.0,94.226,LIN,ChemistH
1206256,2015-07-20,5.0,0-003,10/17/2015,,,Y04682-13W,,0-005,13-028-0104,1.0,07/01/2017,3-039-0106,13.0,2.062,184.0,93.9565,LIN,ChemistH
1210573,2015-07-23,4.9,15-002-0179,10/23/2015,,,Y06362-13T,,15-002-0149,13-028-0104,1.0,07/01/2017,3-039-0106,13.0,2.1572000536,38.0,94.14603718299999,Stat,ChemistL
1210577,2015-07-23,4.9,15-002-0179,10/23/2015,,,Y06362-13T,,15-002-0149,13-028-0104,1.0,07/01/2017,3-039-0106,13.0,,38.0,,Stat,ChemistL
1211070,2015-07-24,5.0,08-005-0575,10/22/2015,,,Y06362-13T,,15-002-0149,13-028-0104,1.0,07/01/2017,3-039-0106,13.0,2.1229981584,43.0,93.981431351,Stat,ChemistL
1212497,2015-07-27,5.0,08-005-0575,10/22/2015,,,Y06362-13T,,15-002-0149,13-028-0104,1.0,07/01/2017,3-039-0106,13.0,2.2583640494,41.0,93.76072192299999,Stat,ChemistL
1212844,2015-07-28,5.0,15-003-0168,10/27/2015,,,Y06362-13T,,15-002-0149,13-028-0104,1.0,07/01/2017,3-039-0106,13.0,2.0503784939,41.0,94.08812149,Stat,ChemistL
1214991,2015-07-29,5.0,15-003-0168,10/27/2015,,,Y06362-13T,,15-002-0149,13-028-0104,1.0,07/01/2017,3-039-0106,13.0,2.0027320182,41.0,94.138705809,Stat,ChemistL
1215479,2015-07-30,4.9,15-002-0179,10/23/2015,,,A02670-10Y,,15-002-0149,13-028-0104,1.0,07/01/2017,3-039-0106,13.0,2.2228985176,38.0,93.78972545200001,Stat,ChemistL
1215594,2015-07-30,5.0,15-003-0168,10/27/2015,,,Y06362-13T,,15-002-0149,13-028-0104,1.0,07/01/2017,3-039-0106,13.0,,41.0,,Stat,ChemistG
1216606,2015-04-03,4.9,08-005-0575,10/22/2015,,,A02670-10Y,,15-002-0149,13-028-0104,1.0,07/01/2017,3-039-0106,13.0,2.6981882061,41.0,93.31213518700001,Stat,ChemistG
1217788,2015-08-04,5.0,08-005-0575,10/22/2015,,,A02670-10Y,,15-002-0149,13-028-0104,1.0,07/01/2017,3-039-0106,13.0,2.2058289417,41.0,93.957310525,Stat,ChemistG
1220037,2015-08-05,4.9,UED-LBK-1014-0046,11/04/2015,,,A02670-10Y,,UED-LBK-1014-0047,13-028-0104,1.0,07/01/2017,3-039-0106,13.0,2.2295742155,38.0,93.94893020100001,Stat,ChemistG
1220502,2015-08-06,5.0,UED-LBK-1014-0046,11/04/2015,,,Y06366-13T,,UED-LBK-1014-0047,13-028-0104,1.0,07/01/2017,3-039-0106,13.0,2.1462028229,41.0,94.36979621399999,Stat,ChemistG
1221477,2015-08-11,5.0,0-003,10/17/2015,,,Y046682-13W,,0-005,13-028-0104,1.0,07/01/2017,3-039-0106,13.0,,184.0,,LIN,ChemistK
1221641,2015-08-17,4.9,15-003-0196,11/14/2015,,,A02670-10Y,,UED-LBK-1014-0052,13-028-0104,1.0,07/01/2017,3-039-0106,13.0,2.1184528153,38.0,93.993189451,Stat,ChemistL
1224928,2015-08-13,5.0,0-026,11/13/2015,,,Y046682-13W,,-049,13-028-0104,1.0,07/01/2017,3-039-0106,13.0,2.2715,184.0,93.6765,LIN,ChemistK
1226230,2015-08-17,5.0,15-003-0197,11/14/2015,,,Y06366-13T,,UED-LBK-1014-0053,13-028-0104,1.0,07/01/2017,3-039-0106,13.0,2.0704370641,41.0,94.25179483,Stat,ChemistG
1226691,2015-08-18,5.0,15-003-0197,11/14/2015,,,Y02826-08S,,UED-LBK-1014-0052,13-028-0104,1.0,07/01/2017,3-039-0106,13.0,2.3165120676,42.0,94.147432417,Stat,ChemistG
1226693,2015-08-18,4.9,15-003-0196,11/14/2015,,,A02670-10Y,,UED-LBK-1014-0052,13-028-0104,1.0,07/01/2017,3-039-0106,13.0,1.9899392692,38.0,94.25445448100001,Stat,ChemistL
1226790,2015-08-18,5.1,15-003-0197,11/14/2015,,,Y06366-13T,,UED-LBK-1014-0047,13-028-0104,1.0,07/01/2017,3-039-0106,13.0,2.2484778006,39.0,93.82642078299999,Stat,ChemistG
1229725,2015-08-19,5.0,UED-LBK-1014-0063,11/18/2015,,,A02670-10Y,,UED-LBK-1014-0047,13-028-0104,1.0,07/01/2017,3-039-0106,13.0,,39.0,,Stat,ChemistG
1229741,2015-08-19,4.9,UED-LBK-1014-0064,11/18/2015,,,Y06366-13T,,UED-LBK-1014-0052,13-028-0104,1.0,07/01/2017,3-039-0106,13.0,1.8883808044,38.0,93.958505622,Stat,ChemistL
1229805,2015-08-19,5.0,15-003-0196,11/14/2015,,,Y02826-08S,,UED-LBK-1014-0047,13-028-0104,1.0,07/01/2017,3-039-0106,13.0,2.1943570072,43.0,94.32358077299999,Stat,ChemistG
1231879,2015-08-24,5.0,UED-LBK-1014-0063,11/18/2015,,,A02670-10Y,,15-002-0149,13-028-0104,1.0,07/01/2017,3-039-0106,13.0,2.2372892662,39.0,93.892173074,Stat,ChemistG
1232310,2015-08-24,4.9,UED-LBK-1014-0064,11/18/2015,,,Y02826-08S,,UED-LBK-1014-0052,13-028-0104,1.0,07/01/2017,3-039-0106,13.0,2.0850676272,38.0,94.356320726,Stat,ChemistL
1245219,2015-09-10,5.2,UED-LBK-1014-0063,11/18/2015,,,Y02826-08S,,UED-LBK-1012-0061,13-028-0104,1.0,07/01/2017,3-039-0106,13.0,2.2688590171,29.0,94.05630078,Stat,ChemistG
1260346,2015-10-01,,UED-LBK-1014-0063,11/18/2015,,,Y02826-08S,,UED-LBK-1014-0047,13-028-0104,1.0,07/01/2017,3-039-0106,13.0,2.3259419933000003,30.0,93.81159993799999,Stat,ChemistB
1264648,2015-10-09,5.0,0-026,11/13/2015,,,Y04682-13W,,0-005,13-028-0104,1.0,07/01/2017,3-039-0106,13.0,2.262,184.0,93.319,LIN,ChemistK
1267309,2015-10-13,5.0,UED-LBK-1012-0089,01/05/2016,,,Y02826-08S,,UED-LBK-896-0086,13-028-0104,1.0,07/01/2017,3-039-0106,13.0,,41.0,,Stat,ChemistG
1267311,2015-10-13,5.0,UED-LBK-1012-0090,01/05/2016,,,Y06362-13T,,UED-LBK-896-0086,13-028-0104,1.0,07/01/2017,3-039-0106,13.0,,43.0,,Stat,ChemistG
1270088,2015-10-14,5.0,UED-LBK-1012-0089,01/05/2016,,,Y02826-08S,,UED-LBK-896-0086,13-028-0104,1.0,07/01/2017,3-039-0106,13.0,2.1959767647,41.0,93.714015485,Stat,ChemistG
1270091,2015-10-14,5.0,UED-LBK-1014-0063,11/18/2015,,,A02670-10Y,,UED-LBK-896-0086,13-028-0104,1.0,07/01/2017,3-039-0106,13.0,,42.0,,Stat,ChemistG
1270093,2015-10-14,5.0,UED-LBK-1012-0090,01/05/2016,,,Y06362-13T,,UED-LBK-896-0086,13-028-0104,1.0,07/01/2017,3-039-0106,13.0,2.1803206791,43.0,93.767892245,Stat,ChemistG
1271379,2015-10-16,5.0,UED-LBK-1014-0063,11/18/2015,,,A02670-10Y,,UED-LBK-896-0086,13-028-0104,1.0,07/01/2017,3-039-0106,13.0,2.110785647,42.0,93.854056284,Stat,ChemistG
1274587,2015-10-22,5.0,0-026,11/13/2015,,,Y04682-13W,,5-005,13-028-0104,1.0,07/01/2017,3-039-0106,13.0,,184.0,,LIN,ChemistK
1276192,2015-10-26,5.0,UED-LBK-1012-0089,01/05/2016,,,Y02826-08S,,UED-LBK-2342-0039,13-028-0104,1.0,07/01/2017,3-039-0106,13.0,2.1256610647,41.0,93.437527732,Stat,ChemistO
1277155,2015-10-27,4.9,UED-LBK-1014-0063,11/18/2015,,,A02670-10Y,,UED-LBK-896-0088,13-028-0104,1.0,07/01/2017,3-039-0106,13.0,2.072702801,28.0,93.83103053,Stat,ChemistL
1279786,2015-11-10,5.0,3-019,02/04/2016,,,Y04797-13W,,3-015,13-028-0104,1.0,07/01/2017,3-039-0106,13.0,2.1775,362.0,93.807,LIN,ChemistK
1285740,2015-11-10,5.0,3-019,02/04/2016,,,Y04797-13W,,3-015,13-028-0104,1.0,07/01/2017,3-039-0106,13.0,2.218,362.0,93.8365,LIN,ChemistK
1293067,2015-11-18,4.9,UED-LBK-1014-0156,02/17/2016,,,A02670-10Y,,UED-LBK-896-0110,13-028-0104,1.0,07/01/2017,3-039-0106,13.0,2.2637027998,39.0,93.61291109700001,Stat,ChemistB
1294346,2015-11-20,5.2,UED-LBK-1014-0156,02/17/2016,,,A02670-10Y,,UED-LBK-896-110,13-028-0104,1.0,07/01/2017,3-039-0106,13.0,2.2746484863,39.0,93.554734975,Stat,ChemistB
1298722,2015-12-02,5.0,3-019,02/04/2016,,,YY04797-W13-C,,3-015,13-028-0104,1.0,07/01/2017,3-039-0106,13.0,2.3635,361.0,93.192,LIN,ChemistK
1309923,2015-12-14,4.9,UED-LBK-1014-0156,02/17/2016,,,A02670-10Y,,UED-LBK-2342-0071,13-028-0104,1.0,07/01/2017,3-039-0106,13.0,2.1756104698,29.0,93.79300313700001,Stat,ChemistG
1323337,2016-01-05,5.0,3-019,02/04/2016,,,Y04797-W13-C,,5-065,13-028-0104,1.0,07/01/2017,3-039-0106,13.0,2.143,184.0,94.104,LIN,ChemistK
1323588,2016-01-06,5.0,UED-LBK-1012-0166,04/04/2016,,,A02670-10Y,,UED-LBK-896-0155,13-028-0104,1.0,07/01/2017,3-039-0106,13.0,2.1252617922,41.0,93.887907506,Stat,ChemistL
1323630,2016-01-06,5.0,UED-LBK-1012-0166,04/04/2016,,,A02670-10Y,,UED-LBK-896-0155,13-028-0104,1.0,07/01/2017,3-039-0106,13.0,,41.0,,Stat,ChemistL
1331141,2016-01-15,5.0,UED-LBK-1012-0166,04/04/2016,,,A02670-10Y,,UED-LBK-896-0180,13-028-0104,1.0,07/01/2017,3-039-0106,13.0,2.2612810639,41.0,93.63289624299999,Stat,ChemistG
1332022,2016-01-19,5.0,3-019,02/04/2016,,,Y04797 13W,,9-024,13-028-0104,1.0,07/01/2017,3-039-0106,13.0,2.0655,437.0,94.1965,LIN,ChemistM
1339983,2016-01-27,5.0,UED-LBK-1012-0166,04/04/2016,,,A02670-10Y,,UED-LBK-1012-0141,13-028-0104,1.0,07/01/2017,3-039-0106,13.0,2.1161557921000003,41.0,93.770492655,Stat,ChemistE
1350445,2016-02-04,5.0,UED-LBK-1012-0170,04/06/2016,,,A02670-10Y,,UED-LBK-896-0180,13-028-0104,1.0,07/01/2017,3-039-0106,13.0,2.129470054,42.0,93.679286992,Stat,ChemistG
1351732,2016-02-08,5.0,UED-LBK-1012-0170,04/06/2016,,,W02769-14T,,UED-LBK-896-0180,13-028-0104,1.0,07/01/2017,3-039-0106,13.0,,42.0,,Stat,ChemistG
1351733,2016-02-08,5.0,UED-LBK-1012-0170,04/06/2016,,,W02769-14T,,UED-LBK-896-0180,13-028-0104,1.0,07/01/2017,3-039-0106,13.0,,42.0,,Stat,ChemistG
1355666,2016-02-16,5.0,UED-LBK-1012-0170,04/06/2016,,,W02769-14T,,UED-LBK-896-0180,13-028-0104,1.0,07/01/2017,3-039-0106,13.0,2.1474987649,42.0,94.197812169,Stat,ChemistG
1363047,2016-02-25,5.0,3-076,05/23/2016,,,Y04797-13W,,5-065,13-028-0104,1.0,07/01/2017,3-039-0106,13.0,2.2575,184.0,93.5975,LIN,ChemistH
1368824,2016-03-04,5.0,UED-LBK-2342-0141,06/04/2016,,,W02769-14T,,UED-LBK-2342-0130,13-028-0104,1.0,07/01/2017,3-039-0106,13.0,2.1312484295,42.0,94.04832924200001,Stat,ChemistE
1369252,2016-03-07,5.0,UED-LBK-2342-0141,06/04/2016,,,W02769-14T,,UED-LBK-2342-0130,13-028-0104,1.0,07/01/2017,3-039-0106,13.0,2.0868573457,42.0,94.11151680200001,Stat,ChemistE
1369714,2016-03-08,5.0,UED-LBK-2342-0141,06/04/2016,,,A02670-10Y,,UED-LBK-2342-0130,13-028-0104,1.0,07/01/2017,3-039-0106,13.0,,42.0,,Stat,ChemistE
1372001,2016-03-09,5.0,UED-LBK-2342-0141,06/04/2016,,,A02670-10Y,,UED-LBK-2342-0130,13-028-0104,1.0,07/01/2017,3-039-0106,13.0,2.1290746818,42.0,93.64765054200001,Stat,ChemistE
1374345,2016-03-15,5.0,3-076,05/23/2016,,,Y04797 13W,,5-065,13-028-0104,1.0,07/01/2017,3-039-0106,13.0,2.2065,184.0,93.9555,LIN,ChemistK
1381553,2016-03-24,5.0,UED-LBK-4337-0026,06/15/2016,,,W02769-14T,,UED-LBK-2342-0130,13-028-0104,1.0,07/01/2017,3-039-0106,13.0,2.1498984211,42.0,94.046202695,Stat,ChemistG
1382351,2016-03-28,5.0,UED-LBK-1012-0170,04/06/2016,,,A03826-02A,,UED-LBK-2342-0130,13-028-0104,1.0,07/01/2017,3-039-0106,13.0,,42.0,,Stat,ChemistG
1385506,2016-03-30,4.9,UED-LBK-4338-0040,04/30/2016,,,W02769-14T,,UED-LBK-4338-0032,13-028-0104,1.0,07/01/2017,3-039-0106,13.0,2.1849511177000003,29.0,93.76350551700001,Stat,ChemistE
1385887,2016-03-31,5.0,UED-LBK-2343-0173,06/30/2016,,,A06791-11A,,UED-LBK-2342-0130,13-028-0104,1.0,07/01/2017,3-039-0106,13.0,,42.0,,Stat,ChemistG
1387081,2016-04-06,5.0,3-076,05/23/2016,,,Y04797- 13W,,3-097,13-028-0104,1.0,07/01/2017,3-039-0106,13.0,2.1255,184.0,93.6975,LIN,ChemistH
1390206,2016-04-08,5.0,3-076,05/23/2016,,,Y04797-13W,,3-097,13-028-0104,1.0,07/01/2017,3-039-0106,13.0,2.094,184.0,93.8935,LIN,ChemistH
1393920,2016-04-13,4.9,UED-LBK-2343-0173,06/30/2016,,,A06791-11A,,UED-LBK-4338-0050,13-028-0104,1.0,07/01/2017,3-039-0106,13.0,2.1957079358,29.0,94.001711895,Stat,ChemistE
1394132,2016-04-14,5.0,3-076,05/23/2016,,,04797-13W,,3-097,13-028-0104,1.0,07/01/2017,3-039-0106,14.0,1.9765,184.0,93.952,LIN,ChemistH
1397861,2016-04-20,5.0,UED-LBK-4338-0040,06/30/2016,,,A06791-11A,,UED-LBK-4337-0050,13-028-0104,1.0,07/01/2017,3-039-0106,14.0,2.2228140827,42.0,93.644747559,Stat,ChemistG
1397990,2016-04-21,5.0,3-076,05/23/2016,,,Y13097 13W,,3-097,13-028-0104,1.0,07/01/2017,3-039-0106,14.0,1.872,184.0,94.0045,LIN,ChemistM
1407619,2016-05-10,4.9,UED-LBK-2342-0173,08/10/2016,,,A06791-11A,,UED-LBK-4337-0050,13-028-0104,1.0,07/01/2017,3-039-0106,14.0,2.1045149566,37.0,94.071066005,Stat,ChemistL
1410278,2016-05-11,4.9,UED-LBK-2342-0173,08/10/2016,,,A06791-11A,,UED-LBK-4337-0050,13-028-0104,1.0,07/01/2017,3-039-0106,14.0,2.1079698175,37.0,93.93777932799999,Stat,ChemistL
1410406,2016-05-12,5.0,1-040,08/04/2016,,,Y04813-13W,,1-042,13-028-0104,1.0,07/01/2017,3-039-0106,14.0,2.1675,184.0,93.8105,LIN,ChemistH
1413937,2016-05-18,5.0,UED-LBK-4339-0053,06/30/2016,,,A06791-11A,,UED-LBK-4337-0050,13-028-0104,1.0,07/01/2017,3-039-0106,14.0,2.1248531256,42.0,93.819768735,Stat,ChemistE
1418411,2016-05-25,4.9,UED-LBK-4339-0053,06/30/2016,,,A06791-11A,,UED-LBK-4337-0050,13-028-0104,1.0,07/01/2017,3-039-0106,14.0,2.1456793924,29.0,93.78585869,Stat,ChemistE
1423068,2016-06-03,5.0,1-040,08/04/2016,,,Y04813-W13,,1-55,13-028-0104,1.0,07/01/2017,3-039-0106,14.0,2.4715,184.0,93.203,LIN,ChemistH
1432281,2016-06-20,5.0,UED-LBK-4339-0073,09/14/2016,,,A06791-11A,,UED-LBK-4337-0050,13-028-0104,1.0,07/01/2017,3-039-0106,14.0,,42.0,,Stat,ChemistQ
1432863,2016-06-21,5.0,UED-LBK-4339-0073,09/14/2016,,,A06791-11A,,UED-LBK-4337-0082,13-028-0104,1.0,07/01/2017,3-039-0106,14.0,2.033,40.0,94.027,Stat,ChemistQ
1435418,2016-06-22,5.0,UED-LBK-4337-0100,09/22/2016,,,A06791-11A,,UED-LBK-4337-0082,13-028-0104,1.0,07/01/2017,3-039-0106,14.0,2.0473435579,40.0,94.018327339,Stat,ChemistQ
1436611,2016-06-28,5.0,UED-LBK-4337-0100,09/21/2016,,,W02769-14T,,UED-LBK-4337-0082,13-028-0104,1.0,07/01/2017,3-039-0106,14.0,2.0948602257,40.0,93.64195057799999,Stat,ChemistE
1440218,2016-07-05,5.0,8-044,09/30/2016,,,Y04813 13W,,9-094,13-028-0104,1.0,07/01/2017,3-039-0106,14.0,2.162,184.0,93.559,LIN,ChemistM
1442691,2016-07-06,5.0,8-044,09/30/2016,,,Y04813 13W,,9-094,13-028-0104,1.0,07/01/2017,3-039-0106,14.0,2.166,184.0,93.4995,LIN,ChemistM
1444914,2016-07-12,5.0,UED-LBK-4338-0134,09/14/2016,,,A06791-11A,,ued-lbk-4337-0082,13-028-0104,1.0,07/01/2017,3-039-0106,14.0,2.0146446322,40.0,94.04292031600001,Stat,ChemistE
1447201,2016-07-14,5.0,8-044,09/30/2016,,,A04771 10A,,8-050,13-028-0104,1.0,07/01/2017,3-039-0106,14.0,2.0285,184.0,94.0245,LIN,ChemistM
1451265,2016-07-20,5.0,UED-LBK-5643-0009,10/20/2016,,,W02769-14T,,UED-LBK-4337-0082,13-028-0104,1.0,07/01/2017,3-039-0106,14.0,2.0994292198,40.0,93.722922595,Stat,ChemistE
1457158,2016-08-01,4.9,UED-LBK-5643-0009,10/20/2016,,,W02769-14T,,UED-LBK-4338-0143,13-028-0104,1.0,07/01/2017,3-039-0106,1.0,2.1068206898,29.0,93.976558085,Stat,ChemistE
1469996,2016-08-24,5.0,8-044,09/30/2016,,,A04771 10A,,8-050,13-028-0104,1.0,07/01/2017,3-039-0106,14.0,2.4935,184.0,92.817,LIN,ChemistH
1472929,2016-08-24,5.0,UED-LBK-5643-0048,09/14/2016,,,A06791-11A,,UED-LBK-4338-0158,13-028-0104,1.0,07/01/2017,3-039-0106,14.0,,40.0,,Stat,ChemistB
1474215,2016-08-29,5.0,8-093,11/26/2016,,,A04782-10A,,8-050,13-028-0104,1.0,07/01/2017,3-039-0106,14.0,2.2305,184.0,93.4125,LIN,ChemistH
1474995,2016-08-30,5.0,UED-LBK-4337-0154,11/30/2016,,,W02769-14T,,UED-LBK-5642-0035,13-028-0104,1.0,07/01/2017,3-039-0106,14.0,,41.0,,Stat,ChemistB
1477886,2016-09-01,5.0,UED-LBK-4337-0154,11/30/2016,,,B01986-16A,,UED-LBK-5642-0035,13-028-0104,1.0,07/01/2017,3-039-0106,14.0,2.1477358254,41.0,93.602917724,Stat,ChemistE
1477897,2016-09-01,5.0,UED-LBK-4337-0154,11/30/2016,,,B01986-16A,,UED-LBK-5642-0035, Batch Note,1.0,07/01/2017,3-039-0106,14.0,2.0188338079,41.0,94.73514794399999,Stat,ChemistE
1483438,2016-09-13,5.0,UED-LBK-4337-0168,12/09/2016,,,B01986-16A,,UED-LBK-5642-0035,13-028-0104,1.0,07/01/2017,3-039-0106,14.0,1.8955419574,41.0,94.617682435,Stat,ChemistE
1484307,2016-09-14,5.0,3-029,12/09/2016,,,A04782-10A,,2-009,13-028-0104,1.0,07/01/2017,3-039-0106,14.0,2.065,184.0,94.341,LIN,ChemistH
1485740,2016-09-14,5.0,UED-LBK-4337-0168,12/09/2016,,,B01986-16A,,UED-LBK-5642-0035,13-028-0104,1.0,07/01/2017,3-039-0106,14.0,1.9018167047,41.0,94.508893574,Stat,ChemistE
1491936,2016-09-26,5.0,UED-LBK-4337-0186,12/26/2016,,,B01322-16A,,UED-LBK-4338-0158,13-028-0104,1.0,07/01/2017,3-039-0106,14.0,1.9496371548,40.0,94.75122764700001,Stat,ChemistE
1494734,2016-09-28,5.0,UED-LBK-4337-0186,12/26/2016,,,B01322-16A,,UED-LBK-5642-0035,13-028-0104,1.0,07/01/2017,3-039-0106,14.0,2.0956877882,41.0,94.288772668,Stat,ChemistE
1505912,2016-10-17,5.0,UED-LBK-6511-0007,01/14/2017,,,70R2-00145B,,UED-LBK-4337-0167,13-028-0104,1.0,07/01/2017,3-039-0106,14.0,2.5383053473,43.0,93.638320882,Stat,ChemistE
1506173,2016-10-18,5.0,UED-LBK-6511-0007,01/14/2017,,,702R00145B,,UED-LBK-4337-0167,13-028-0104,1.0,07/01/2017,3-039-0106,14.0,2.1721456884,43.0,94.22794313799999,Stat,ChemistE
1506182,2016-10-18,5.0,UED-LBK-6511-0008,01/14/2017,,,B01986-16A,,UED-LBK-5642-0035,13-028-0104,1.0,07/01/2017,3-039-0106,14.0,2.0431328643,41.0,94.190111989,Stat,ChemistE
1513372,2016-10-27,5.0,3-041,12/16/2016,,,Y04684-10a,,7-031,13-028-0104,1.0,07/01/2017,3-039-0106,14.0,2.345,183.0,95.93,LIN,ChemistN
1514106,2016-10-28,5.0,3-041,12/16/2016,,,Y04684-13W,,7-030,13-028-0104,1.0,07/01/2017,3-039-0106,14.0,1.9765,183.0,93.703,LIN,ChemistN
1514269,2016-10-28,5.0,UED-LBK-6512-0003,01/27/2017,,,702R00145B,,UED-LBK-5642-0035,13-028-0104,1.0,07/01/2017,3-039-0106,14.0,2.2307786062,41.0,93.880279989,Stat,ChemistB
1514786,2016-10-31,5.0,UED-LBK-4339-0183,01/31/2017,,,B01986-16A,,UED-LBK-4339-0153,13-028-0104,1.0,07/01/2017,3-039-0106,14.0,1.9712532922,43.0,94.128614195,Stat,ChemistL
1517165,2016-11-02,5.0,3-090,01/14/2017,,,Y04684-13W,,7-044,13-028-0104,1.0,07/01/2017,3-039-0106,14.0,,183.0,,LIN,ChemistN
1517220,2016-11-02,5.0,UED-LBK-4339-0183,01/31/2017,,,02B-00255B,,UED-LBK-4339-0153,13-028-0104,1.0,07/01/2017,3-039-0106,14.0,2.5035061612,43.0,93.950107852,Stat,ChemistB
1517748,2016-11-03,5.0,UED-LBK-5643-0104,01/14/2017,,,02B-00255B,,UED-LBK-5642-0035,13-028-0104,1.0,07/01/2017,3-039-0106,14.0,,41.0,,Stat,ChemistB
1517911,2016-11-04,5.0,3-047,12/22/2016,,,B05280-10B,,7-044,13-028-0104,1.0,07/01/2017,3-039-0106,14.0,,184.0,,LIN,ChemistN
1517961,2016-11-04,5.0,UED-LBK-5643-0104,01/14/2017,,,02B-00255B,,UED-LBK-5642-0035,13-028-0104,1.0,07/01/2017,3-039-0106,14.0,2.3914231466,41.0,93.77775063600001,Stat,ChemistB
1517966,2016-11-04,5.0,UED-LBK-4339-0183,01/31/2017,,,B01322-16A,,UED-LBK-4339-0153,13-028-0104,1.0,07/01/2017,3-039-0106,14.0,,43.0,,Stat,ChemistE
1518559,2016-11-07,5.0,UED-LBK-6512-0003,01/27/2017,,,02B-00255B,,UED-LBK-5642-0035,13-028-0104,1.0,07/01/2017,3-039-0106,14.0,,41.0,,Stat,ChemistE
1518608,2016-11-07,5.0,UED-LBK-4339-0189,02/07/2017,,,B01322-16A,,UED-LBK-4339-0153,13-028-0104,1.0,07/01/2017,3-039-0106,14.0,2.0914115788,43.0,94.13915212,Stat,ChemistE
1518695,2016-11-08,5.0,3-047,12/22/2016,,,B05280-01B,,7-044,,1.0,07/01/2017,3-039-0106,14.0,,184.0,,LIN,ChemistN
1518707,2016-11-07,5.0,3-047,12/22/2016,,,B05280-01B,,7-044,,1.0,07/01/2017,3-039-0106,14.0,,184.0,,LIN,ChemistN
1521062,2016-11-09,5.0,3-047,12/22/2016,,,B05280-01B,,7-044,,1.0,07/01/2017,3-039-0106,14.0,,184.0,,LIN,ChemistN
1521933,2016-11-11,5.0,3-041,12/16/2016,,,Y04684-13W,,7-044,,1.0,07/01/2017,3-039-0106,15.0,,184.0,,LIN,ChemistN
1522077,2016-11-11,5.0,UED-LBK-6512-0003,01/27/2017,,,02B00259B,,UED-LBK-4337-0194,13-028-0104,1.0,07/01/2017,3-039-0106,24.0,1.965872879,40.0,94.871497159,Stat,ChemistE
1522244,2016-11-14,5.0,3-041,12/16/2016,,,Y04684-13W,,7-044,13-028-0104,1.0,07/01/2017,3-039-0106,15.0,,184.0,,LIN,ChemistN
1522361,2016-11-14,5.0,UED-LBK-6512-0003,01/14/2017,,,02B00259B,,UED-LBK-5642-0035,13-028-0104,1.0,07/01/2017,3-039-0106,14.0,2.0317133472,41.0,94.410625231,Stat,ChemistE
1524636,2016-11-16,5.0,,,,,,,,,,,,15.0,,184.0,,LIN,ChemistN
1524637,2016-11-16,5.0,,,,,,,,,,,,15.0,,184.0,,LIN,ChemistN
1524709,2016-11-16,5.0,3-091,01/14/2017,,,B03452-19A,,7-064,13-028-0104,1.0,07/01/2017,3-039-0106,15.0,2.1375,183.0,93.9775,LIN,ChemistH
1524976,2016-11-17,5.0,3-047,12/22/2016,,,B05268-01B,,7-044,,1.0,07/01/2017,3-039-0106,15.0,,184.0,,LIN,ChemistN
1525176,2016-11-17,5.0,UED-LBK-4339-0189,02/07/2017,,,B01322-16A,,UED-LK-5643-0100,13-028-0104,1.0,07/01/2017,3-039-0106,15.0,2.2518578717,41.0,93.70916153600001,Stat,ChemistE
1525427,2016-11-18,5.0,UED-LBK-6511-0041,02/17/2017,,,702R00145b,,ued-lbk-4339-0153,13-028-0104,1.0,07/01/2017,3-039-0106,15.0,,43.0,,Stat,ChemistE
1525657,2016-11-21,5.0,3-099,02/10/2017,,,B05298-01B,,7-044,,1.0,07/01/2017,3-039-0106,15.0,,184.0,,LIN,ChemistN
1525861,2016-11-21,5.0,UED-LBK-6511-0041,02/17/2017,,,702R00145B,,UED-LBK-4339-0153,13-028-0104,1.0,07/01/2017,3-039-0106,15.0,2.0671389271,43.0,94.02696496899999,Stat,ChemistE
1526125,2016-11-22,5.0,UED-LBK-6512-0019,02/21/2017,,,02B00259B,,UED-LBK-4339-0153,13-028-0104,1.0,07/01/2017,3-039-0106,15.0,2.3255026612000003,43.0,93.852394735,Stat,ChemistB
1526363,2016-11-23,5.0,3-099,02/10/2017,,,B05298-01B,,7-044,,1.0,07/01/2017,3-039-0106,15.0,,184.0,,LIN,ChemistN
1526438,2016-11-23,5.0,3-090,01/14/2017,,,B02730-18A,,3-065,13-028-0104,1.0,07/01/2017,3-039-0106,15.0,2.3185,437.0,93.3735,LIN,ChemistH
1528899,2016-11-24,5.0,3-090,01/14/2017,,,B02730-18A,,7-064,13-028-0104,1.0,07/01/2017,3-039-0106,15.0,2.146,183.0,93.666,LIN,ChemistN
1528919,2016-11-24,5.0,,,,,,,,13-028-0104,1.0,07/01/2017,3-039-0106,15.0,,184.0,,LIN,ChemistN
1529216,2016-11-28,5.0,3-099,02/10/2017,,,B03222-01P,,7-064,13-028-0104,1.0,07/01/2017,3-039-0106,15.0,2.044,183.0,93.794,LIN,ChemistN
1531703,2016-12-01,5.0,0-038,02/25/2017,,,B03452-19A,,7-064,13-028-0104,1.0,07/01/2017,3-039-0106,15.0,2.4405,437.0,93.4965,LIN,ChemistN
1531752,2016-12-01,5.0,3-099,02/10/2017,,,,,7-044,13-028-0104,1.0,07/01/2017,3-039-0106,15.0,,184.0,,LIN,ChemistN
1532081,2016-12-02,5.0,0-039,02/25/2017,,,,,7-044,,1.0,07/01/2017,3-039-0106,5.0,,184.0,,LIN,ChemistN
1532405,2016-12-02,5.0,UED-LBK-6512-0033,01/14/2017,,,702R00145B,,UED-LBK-4339-0153,13-028-0104,1.0,07/01/2017,3-039-0106,15.0,2.153138682,43.0,94.077926608,Stat,ChemistE
1532545,2016-12-05,5.0,4-007,03/02/2017,,,B02730/18A,,4-011,13-028-0104,1.0,07/01/2017,3-039-0106,15.0,2.1006683818000003,437.0,93.712094057,LIN,ChemistR
1538941,2016-12-14,5.0,4-005,03/02/2017,,,B03452/19A,,7-064,13-028-0104,1.0,07/01/2017,3-039-0106,15.0,2.3519316737,183.0,93.606679822,LIN,ChemistR
1540184,2016-12-19,5.0,0-039,02/25/2017,,,B03452-19A,,3-007,13-028-0104,1.0,07/01/2017,3-039-0106,15.0,2.0935,183.0,94.037,LIN,ChemistN
1548476,2017-01-05,5.0,UED-LBK-6511-0078,04/04/2017,,,02B00259B,,UED-LBK-5642-0126,13-028-0104,1.0,07/01/2017,3-039-0106,15.0,2.0840469986000003,43.0,94.039640225,Stat,ChemistL
1548539,2017-01-06,5.0,0-039,02/25/2017,,,B03222-01P,,3-007,13-028-0104,1.0,07/01/2017,3-039-0106,15.0,2.1615,183.0,93.581,LIN,ChemistN
1550852,2017-01-11,5.0,0-039,02/25/2017,,,B03222-01P,,3-057,13-028-0104,1.0,07/01/2017,3-039-0106,15.0,2.103,183.0,93.8155,LIN,ChemistN
1557482,2017-01-26,5.0,UED-LBK-5642-0157,04/26/2017,,,702R00145B,,UED-LBK-5643-0100,13-028-0104,1.0,07/01/2017,3-039-0106,15.0,2.0367608542,41.0,94.197790411,Stat,ChemistE
1564127,2017-02-07,5.0,UED-LBK-6511-0078,04/04/2017,,,02B00259B,,UED-LBK-7937-0011,13-028-0104,1.0,07/01/2017,3-039-0106,15.0,2.1286128789,43.0,93.908471785,Stat,ChemistE
1572010,2017-02-16,5.0,UED-LBK-6511-0078,04/04/2017,,,02B00259B,,UED-LBK-7937-0011,13-028-0104,1.0,07/01/2017,3-039-0106,15.0,2.2705207257,43.0,93.76597709100001,Stat,ChemistB
1574719,2017-02-22,5.0,0-039,02/25/2017,,,,,7-012,13-039-0106,1.0,07/01/2017,3-039-0106,15.0,2.266,183.0,93.421,LIN,ChemistN
1576380,2016-11-28,5.0,3-099,02/10/2017,,,B05298-01B,,7-044,,1.0,07/01/2017,3-039-0106,15.0,,184.0,,LIN,ChemistN
1576407,2016-12-01,5.0,3-099,02/10/2017,,,B05298-01B,,7-044,,1.0,07/01/2017,3-039-0106,15.0,,184.0,,LIN,ChemistN
1578600,2016-12-02,5.0,3-099,02/10/2017,,,B05298-01B,,7-044,,1.0,07/01/2017,3-039-0106,15.0,,184.0,,LIN,ChemistN
1581647,2017-03-07,5.0,UED-LBK-5642-0157,04/26/2017,,,702R00145B,,UED-LBK-7937-0011,13-028-0104,1.0,07/01/2017,3-039-0106,15.0,2.1363629214,40.0,93.99952537799999,Stat,ChemistE
1583872,2017-03-08,5.0,UED-LBK-5642-0157,04/26/2017,,,10476447,,UED-LBK-7937-0011,13-028-0104,1.0,07/01/2017,3-039-0106,15.0,,40.0,,Stat,ChemistE
1584182,2017-03-09,5.0,6-069,06/08/2017,,,B03452-19A,,7-051,13-028-0104,1.0,07/01/2017,3-039-0106,15.0,2.5235,183.0,93.1475,LIN,ChemistN
1584385,2017-03-09,5.0,UED-LBK-6511-0078,04/04/2017,,,10476447,,UED-LBK-7937-0011,13-028-0104,1.0,07/01/2017,3-039-0106,15.0,2.1990119908000003,40.0,93.99674707700001,Stat,ChemistE
1590549,2017-03-21,5.0,UED-LBK-5643-0179,06/20/2017,,,B02705-18A,,UED-LBK-7937-0011,13-028-0104,1.0,07/01/2017,3-039-0106,15.0,2.1202292993,40.0,94.01376509,Stat,ChemistL
1601469,2017-04-06,5.0,6-069,06/08/2017,,,B02730-18A,,8-004,13-028-0104,1.0,09/29/2020,001,16.0,2.989,184.0,93.0175,LIN,ChemistN
1603065,2017-04-11,5.0,6-069,06/08/2017,,,B02730-18A,,8-004,13-028-0104,1.0,09/29/2020,001,16.0,3.028,184.0,93.3375,LIN,ChemistN
1605621,2017-04-12,5.0,UED-LBK-5643-0179,06/20/2017,,,B02705-18A,,UED-LBK-5642-0178,13-028-0104,1.0,09/29/2020,001,16.0,,43.0,,Stat,ChemistL
1605884,2017-04-13,5.0,UED-LBK-5643-0179,06/20/2017,,,B02705-18A,,UED-LBK-5642-0178,13-028-0104,1.0,09/29/2020,001,16.0,3.0001885904,43.0,93.476736864,Stat,ChemistL
1609235,2017-04-19,5.0,UED-LBK-5642-0157,04/26/2017,,,B02705-18A,,UED-LBK-5642-0185,13-028-0104,1.0,09/29/2020,001,16.0,,40.0,,Stat,ChemistL
1610142,2017-04-21,5.0,UED-LBK-5642-0157,04/26/2017,,,B02705-18A,,UED-LBK-5642-0185,13-028-0104,1.0,09/29/2020,001,16.0,3.0098602269,40.0,93.423613706,Stat,ChemistL
1614594,2017-04-28,5.0,UED-LBK-6512-0145,07/26/2017,,,02B00259B,,UED-LBK-5642-0178,13-028-0104,1.0,09/29/2020,001,16.0,2.943871577,43.0,93.47188671100001,Stat,ChemistB
1618200,2017-05-08,5.0,6-069,06/08/2017,,,B03222/01P,,8-018,13-028-0104,1.0,09/29/2020,001,16.0,2.8904140161000003,184.0,93.252655841,LIN,ChemistS
1619051,2017-05-09,5.0,6-069,06/08/2017,,,B03222/01P,,8-018,13028-0104,1.0,09/29/2020,001,16.0,2.8797175963,184.0,93.094859905,LIN,ChemistS
1622288,2017-05-11,5.0,UED-LBK-6512-0145,07/26/2017,,,B01322-16A,,UED-LBK-5642-0199,13-028-0104,1.0,09/29/2020,001,16.0,2.8703920913,43.0,93.62763514299999,Stat,ChemistB
1629153,2017-05-24,4.9,UED-LBK-6512-0145,07/26/2017,,,02B00259B,,UED-LBK-6512-0160,13-028-0104,1.0,09/29/2020,001,16.0,2.9393431365,34.0,93.38069197200001,Stat,ChemistE
1630383,2017-05-31,5.0,6-069,06/08/2017,,,"B03222, 01P",,9-067,13-028-0104,1.0,09/29/2020,001,17.0,2.8653224823000003,184.0,93.476927074,LIN,ChemistS
1637618,2017-06-08,,UED-LBK-9418-0033,09/08/2017,,,02B00259B,,UED-LBK-7937-0120,13-028-0104,1.0,09/29/2020,001,17.0,2.9227128057,34.0,93.47856399,Stat,ChemistE
1638291,2017-06-12,,UED-LBK-9418-0033,09/08/2017,,,02B00259B,,UED-LBK-7937-0120,13-028-0104,1.0,09/29/2020,001,17.0,2.9486013287,34.0,93.40396164299999,Stat,ChemistE
1645966,2017-06-27,5.4,UED-LBK-9418-0033,09/08/2017,,,B01985-16A,,UED-LBK-7937-0120,13-028-0104,1.0,09/29/2020,001,17.0,2.8928728933,34.0,93.33841737,Stat,ChemistE
1647802,2017-06-28,5.2,UED-LBK-7937-0168,09/28/2017,,,B01985-16A,,UED-LBK-7937-0120,13-028-0104,1.0,09/29/2020,001,17.0,2.8714704485,34.0,93.259948239,Stat,ChemistE
1648316,2017-06-30,5.0,6-048,09/29/2017,,,B05280-01B,,6-015,13-028-0104,1.0,09/29/2020,001,17.0,2.8954825115,184.0,92.689176878,LIN,ChemistN
1656094,2017-07-11,5.0,6-048,09/29/2017,,,B05280-01B,,3-098,13-028-0104,1.0,09/29/2020,001,17.0,2.9001284308,184.0,93.12598559799999,LIN,ChemistN
1665143,2017-08-01,5.0,UED-LBK-7937-0168,09/28/2017,,,B01322-16A,,UED-LBK-9417-0034,13-028-0104,1.0,09/29/2020,001,17.0,2.9017039648000003,41.0,93.503067614,Stat,ChemistB
1667350,2017-08-02,5.0,5-033,10/31/2017,,,B05280-01B,,6-086,13-028-0104,1.0,09/29/2020,001,17.0,2.876565632,381.0,93.15491153100001,LIN,ChemistN
1667682,2017-08-03,5.0,UED-LBK-9418-0100,11/02/2017,,,B01322-16A,,UED-LBK-9417-0034,13-028-0104,1.0,09/29/2020,001,17.0,2.8759466192,43.0,93.577821425,Stat,ChemistB
1667686,2017-08-03,,UED-LBK-9418-0100,11/02/2017,,,B01322-16A,,UED-LBK-9417-0034,13-028-0104,1.0,09/29/2020,001,17.0,2.8977406911,43.0,93.538491726,Stat,ChemistB
1684494,2017-09-12,5.4,UED-LBK-9981-0064,12/05/2017,,,702R00145B,,UED-LBK-9981-0048,13-028-0104,1.0,09/29/2020,001,17.0,,29.0,,Stat,ChemistL
1687054,2017-09-14,5.2,UED-LBK-9981-0064,12/05/2017,,,702R00145B,,UED-LBK-9981-0048,13-028-0104,1.0,09/29/2020,001,17.0,2.9344332629000003,26.0,93.49344311,Stat,ChemistL
1687246,2017-09-15,4.9,UED-LBK-9981-0064,12/05/2017,,,702R00145B,,UED-LBK-9981-0048,13-028-0104,1.0,09/29/2020,001,17.0,2.9547780967,26.0,93.450973262,Stat,ChemistL
1687459,2017-09-20,5.0,37-081,12/15/2017,,,B05280/01B,,37-093,13-028-0104,1.0,09/29/2020,001,17.0,2.9210710033,408.0,92.99798651799999,LIN,ChemistR
1689596,2017-09-21,5.2,UED-LBK-9981-0086,12/19/2017,,,B02705-18A,,UED-LBK-9417-0074,13-028-0104,1.0,09/29/2020,001,17.0,2.918587641,28.0,93.62564652799999,Stat,ChemistE
1690484,2017-09-26,5.0,6-048,09/29/2017,,,B05280/01B,,37-093,13-028-0104,1.0,09/29/2020,001,17.0,2.9116350844,408.0,93.125168309,LIN,ChemistR
1693562,2017-10-02,5.0,UED-LBK-10131-0071,01/02/2018,,,02B00259B,,UED-LBK-9981-0048,13-028-0104,1.0,09/29/2020,001,17.0,2.8572507088,40.0,93.598246406,Stat,ChemistE
1693835,2017-10-03,5.0,UED-LBK-10131-0071,01/02/2018,,,02B00259B,,UED-LBK-9981-0048,13-028-0104,1.0,09/29/2020,001,17.0,2.9105928803,40.0,93.513192503,Stat,ChemistE
1695040,2017-10-04,5.0,5-033,10/31/2017,,,B05280-01B,,37-095,13-028-0104,1.0,09/29/2020,001,17.0,2.9044181517000003,408.0,92.882153648,LIN,ChemistN
1696902,2017-10-09,5.0,5-033,10/31/2017,,,B05280,,37-095,13-028-0104,1.0,09/29/2020,001,17.0,2.9289752202,408.0,92.82331088,LIN,ChemistN
1701059,2017-10-19,5.0,UED-LBK-9417-0126,11/02/2017,,,B01985-16A,,UED-LBK-9981-0048,13-028-0104,1.0,09/29/2020,001,17.0,2.9075106398000004,40.0,93.561863746,Stat,ChemistE
1702116,2017-10-24,5.0,5-033,10/31/2017,,,B05280/01B,,37-095,13-028-0104,1.0,09/29/2020,001,17.0,2.8180468249,408.0,93.342235944,LIN,ChemistN
1702251,2017-10-24,5.0,UED-LBK-9417-0126,11/02/2017,,,B01985-16A,,UED-LBK-9981-0048,13-028-0104,1.0,09/29/2020,001,17.0,2.9080554995,40.0,93.52314225100001,Stat,ChemistE
1703565,2017-10-25,5.0,UED-LBK-9417-0126,11/02/2017,,,B01985-16A,,UED-LBK-9981-0048,13-028-0104,1.0,09/29/2020,001,17.0,2.9445709873,40.0,93.43445622,Stat,ChemistE
1707333,2017-11-07,5.0,37-053,01/12/2017,,,B03222-01P,,37-025,13-028-0104,1.0,09/29/2020,001,17.0,2.8800258538,184.0,93.43205939100001,LIN,ChemistN
1708867,2017-11-08,5.0,UED-LBK-10131-0095,02/08/2018,,,B01985-16A,,UED-LBK-9981-0048,13-028-0104,1.0,09/29/2020,001,17.0,2.8791624268,40.0,93.529519805,Stat,ChemistE
1709087,2017-11-09,5.0,UED-LBK-10131-0095,02/08/2018,,,B01985-16A,,UED-LBK-9981-0048,13-028-0104,1.0,09/29/2020,001,17.0,2.8277420832,40.0,93.57582542,Stat,ChemistE
1717247,2017-11-30,5.0,UED-LBK-10131-0095,02/08/2018,,,B01985-16A,,UED-LBK-9980-0086,13-028-0104,1.0,09/29/2020,001,17.0,2.9879347643000003,40.0,93.301275095,Stat,ChemistB
1717598,2017-12-05,5.0,36-053,02/06/2018,,,B03222-01p,,37-038,13-028-0104,1.0,09/29/2020,001,17.0,,184.0,,LIN,ChemistN
1718026,2017-12-05,5.0,UED-LBK-10131-0111,03/05/2018,,,B01985-16A,,UED-LBK-9981-0137,13-028-0104,1.0,09/29/2020,001,17.0,2.8855720193,40.0,93.477718974,Stat,ChemistE
1719553,2017-12-07,5.0,UED-LBK-10131-0111,03/05/2018,,,B01985-16A,,UED-LBK-9981-0137,13-028-0104,1.0,09/29/2020,001,17.0,2.959186985,40.0,93.365100383,Stat,ChemistE
1720454,2017-12-12,5.0,36-053,02/06/2018,,,702R00190B-702R,,37-038,13-028-0104,1.0,09/29/2020,001,17.0,2.8725126617,184.0,93.40390789700001,LIN,ChemistN
1722340,2017-12-15,5.0,UED-LBK-9981-0086,12/19/2017,,,02B00259B,,UED-LBK-9980-0086,13-028-0104,1.0,09/29/2020,001,17.0,2.9460645927,41.0,93.506940536,Stat,ChemistB
1732464,2018-01-05,5.0,36-053,02/06/2018,,,702R00190B,,37-038,13-028-0104,1.0,09/29/2020,001,17.0,2.90348145,184.0,93.461663703,LIN,ChemistN
1735151,2018-01-10,4.9,UED-LBK-10131-0123,04/03/2018,,,702R00145B,,UED-LBK-9981-0139,13-028-0104,1.0,09/29/2020,001,17.0,2.9016815851,28.0,93.50493457399999,Stat,ChemistL
1735153,2018-01-10,4.7,UED-LBK-10131-0111,03/04/2018,,,B01986-16A,,UED-LBK-9981-0171,13-028-0104,1.0,09/29/2020,001,17.0,2.9696334018,29.0,93.36037725,Stat,ChemistT
1735302,2018-01-11,4.9,UED-LBK-10131-0123,04/03/2018,,,702R00145B,,UED-LBK-9981-0139,13-028-0104,1.0,09/29/2020,001,17.0,2.8881006922,28.0,93.49563046,Stat,ChemistL
1736058,2018-01-25,4.9,UED-LBK-10131-0123,04/03/2018,,,02B00259B,,UED-LBK-9981-0171,13-028-0104,1.0,09/29/2020,001,17.0,2.81891133,29.0,93.49913003200001,Stat,ChemistU
1743928,2018-02-01,4.9,UED-LBK-10131-0111,03/04/2018,,,702R00145B,,UED-LBK-9981-0139,13-028-0104,1.0,09/29/2020,001,17.0,2.9235862907,28.0,93.49142953,Stat,ChemistL
1744163,2018-02-02,4.9,UED-LBK-11495-0048,05/02/2018,,,702R00145B,,UED-LBK-9981-0139,13-028-0104,1.0,09/29/2020,001,17.0,2.8108641309,28.0,93.533918426,Stat,ChemistB
1744909,2018-02-06,4.9,UED-LBK-11495-0048,05/02/2018,,,B01322-16A,,UED-LBK-9981-0139,13-028-0104,1.0,09/29/2020,001,17.0,2.8896396108,28.0,93.545154923,Stat,ChemistE
1750428,2018-02-19,5.0,85-003,05/16/2018,,,702R00190B,,35-081,13-028-0104,1.0,09/29/2020,001,17.0,2.9177719351,406.0,93.158660521,LIN,ChemistS
1751971,2018-02-21,4.9,UED-LBK-9981-0199,05/16/2018,,,B01322-16A,,UED-LBK-11495-0029,13-028-0104,1.0,09/29/2020,001,17.0,2.9523053991,28.0,93.427655392,Stat,ChemistE
1754560,2018-02-28,4.9,UED-LBK-9981-0199,05/16/2018,,,b01322-16a,,UED-LBK-11495-0029,13-028-0104,1.0,09/29/2020,001,17.0,2.9291573635000003,29.0,93.440239028,Stat,ChemistU
1754743,2018-03-02,5.0,85-003,05/16/2018,,,702R00190B,,35-081,13-028-0104,1.0,09/29/2020,001,17.0,2.9122571402,406.0,93.368169286,LIN,ChemistS
1759498,2018-03-15,5.0,86-037,06/09/2018,,,702R00190B,,34-066,13-028-0104,1.0,09/29/2020,001,17.0,2.9390889094,406.0,93.05014942700001,LIN,ChemistS
1759653,2018-03-15,5.0,UED-LBK-9981-0199,05/16/2018,,,B01322-16A,,UED-LBK-11495-0046,13-028-0104,1.0,09/29/2020,001,17.0,2.9353263978,40.0,93.44994902,Stat,ChemistU
1761382,2018-03-21,5.0,UED-LBK-11495-0096,06/21/2018,,,B01322-16A,,UED-LBK-11495-0046,13-028-0104,1.0,09/29/2020,001,17.0,2.9069424608,41.0,93.46499126299999,Stat,ChemistU
1764125,2018-03-30,5.0,UED-LBK-11495-0096,06/21/2018,,,B01986-16A,,UED-LBK-11495-0081,13-028-0104,1.0,09/29/2020,001,17.0,2.8406613072000004,41.0,93.664922284,Stat,ChemistB
1766174,2018-04-04,5.0,85-047,07/03/2018,,,702R00193B,,85-032,13-028-0104,1.0,09/29/2020,001,17.0,2.8957320846,18.0,93.48525263,LIN,ChemistN
1767578,2018-04-09,5.0,85-047,07/03/2018,,,702R00193B,,85-032,13-028-0104,1.0,09/29/2020,001,17.0,2.9316067403,18.0,93.434482216,LIN,ChemistR
1769057,2018-04-12,5.0,UED-LBK-12198-0054,05/16/2018,,,B01986-16A,,UED-LBK-11495-0081,13-028-0104,1.0,09/29/2020,001,17.0,2.8853875354,40.0,93.615793639,Stat,ChemistU
1769104,2018-04-12,5.0,UED-LBK-12198-0054,05/16/2018,,,B01986-16A,,UED-LBK-11495-0081,13-028-0104,1.0,09/29/2020,001,17.0,2.930602533,40.0,93.51532759700001,Stat,ChemistE
1770308,2018-04-17,5.0,UED-LBK-11496-0078,07/16/2018,,,B01986-16A,,UED-LBK-11496-0056,13-028-0104,1.0,09/29/2020,001,17.0,2.8812078675,34.0,93.47190629100001,Stat,ChemistT
1771957,2018-04-24,5.0,85-047,07/03/2018,,,702R00193B,,86-021,13-028-0104,1.0,09/29/2020,001,17.0,2.9211032191000004,184.0,93.429048013,LIN,ChemistN
1774877,2018-04-30,4.9,UED-LBK-11496-0078,07/16/2018,,,02B00259B,,UED-LBK-12198-0045,13-028-0104,1.0,09/29/2020,001,17.0,2.9259063261,28.0,93.486851137,Stat,ChemistE
1775267,2018-05-01,5.0,UED-LBK-11496-0078,07/16/2018,,,B01986-16A,,UED-LBK-11495-0081,13-028-0104,1.0,09/29/2020,001,17.0,2.9587974662,36.0,93.40222119,Stat,ChemistT
1776408,2018-05-02,5.0,85-047,07/03/2018,,,702R00193B,,85-084,13-028-0104,1.0,09/29/2020,001,17.0,2.9067529013,184.0,93.43348328100001,LIN,ChemistN
1776770,2018-05-03,5.0,UED-LBK-12198-0068,08/02/2018,,,B01986-16A,,UED-LBK-11495-0081,13-028-0104,1.0,09/29/2020,001,17.0,2.8493253218,36.0,93.513217145,Stat,ChemistT
1779207,2018-05-10,5.0,UED-LBK-12198-0068,08/02/2018,,,B01986-16A,,UED-LBK-12198-0045,13-028-0104,1.0,09/29/2020,001,17.0,2.9350046938,28.0,93.390000434,Stat,ChemistT
1781594,2018-05-16,4.9,UED-LBK-12198-0068,08/02/2018,,,B01986-16A,,UED-LBK-12198-0045,13-028-0104,1.0,09/29/2020,001,17.0,2.8967337451,28.0,93.389343357,Stat,ChemistU
1784742,2018-05-23,5.0,UED-LBK-12198-0088,08/18/2018,,,B02705-18A,,UED-LBK-12198-0045,13-028-0104,1.0,09/29/2020,001,17.0,3.0262318024,28.0,93.51395427799999,Stat,ChemistT
1787621,2018-06-01,5.0,85-047,07/03/2018,,,702R00193B,,40-048,13-028-0104,1.0,09/29/2020,001,17.0,2.9136490623,10.0,93.345368221,LIN,ChemistS
1788831,2018-06-05,,UED-LBK-12198-0088,08/18/2018,,,B02705-18A,,UED-LBK-12198-0045,13-028-0104,1.0,09/29/2020,001,17.0,2.9983738598,28.0,93.55569791200001,Stat,ChemistE
1790804,2018-06-11,4.9,UED-LBK-12198-0088,08/18/2018,,,B02705-18A,,UED-LBK-11496-0099,13-028-0104,1.0,09/29/2020,001,17.0,3.0016939214,28.0,93.53839227700001,Stat,ChemistE
1792757,2018-06-18,5.2,UED-LBK-11495-0175,07/16/2018,,,B01986-16A,,UED-LBK-12198-0045,13-028-0104,1.0,09/29/2020,001,17.0,2.931955499,29.0,93.393526261,Stat,ChemistT
1795529,2018-06-26,5.0,UED-LBK-12974-0019,09/25/2018,,,B01986-16A,,UED-LBK-12198-0045,13-028-0104,1.0,09/29/2020,001,17.0,2.8119254418,40.0,93.446971515,Stat,ChemistU
1797576,2018-07-02,5.2,UED-LBK-11495-0187,10/02/2018,,,B02705-18A,,UED-LBK-11495-0168,13-028-0104,1.0,09/29/2020,001,17.0,2.8809335514,29.0,93.641440337,Stat,ChemistT
1799143,2018-07-05,5.2,UED-LBK-11495-0187,10/02/2018,,,B02705-18A,,UED-LBK-11495-0168,13-028-0104,1.0,09/29/2020,001,17.0,2.9612967965,29.0,93.538899358,Stat,ChemistT
1799606,2018-07-11,5.0,32-013,10/06/2018,,,B02797-18A,,32-004,13-028-0104,1.0,09/29/2020,001,17.0,3.0082468191000005,183.0,93.24185404,LIN,ChemistN
1801753,2018-07-16,5.2,UED-LBK-11495-0187,10/02/2018,,,B02705-18A,,UED-LBK-11496-0099,13-028-0104,1.0,09/29/2020,001,17.0,3.0413534445,28.0,93.38560027700001,Stat,ChemistT
1804911,2018-07-25,5.2,UED-LBK-12974-0018,09/25/2018,,,02B00259B,,UED-LBK-12198-0118,13-028-0104,1.0,09/29/2020,001,17.0,2.9175509118000003,28.0,93.513188441,Stat,ChemistT
1806848,2018-08-02,4.9,UED-LBK-12198-0143,09/25/2018,,,B02705-18A,,UED-LBK-12198-0118,13-028-0104,1.0,09/29/2020,001,17.0,3.0054929627,28.0,93.44588863799999,Stat,ChemistT
1818386,2018-09-20,5.0,50-047,12/13/2018,,,B02797-18A,,50-015,13-028-0104,1.0,09/29/2020,001,17.0,2.9415987548,184.0,93.450994926,LIN,ChemistN
1823490,2018-10-04,5.0,50-047,12/13/2018,,,B02797-18A,,31-098,13-028-0104,1.0,09/29/2020,001,17.0,2.9900558933,18.0,93.399285255,LIN,ChemistN
1825941,2018-10-15,5.0,50-085,01/15/2019,,,B02797-18A,,51-069,13-028-0104,1.0,09/29/2020,001,17.0,2.9597862012,18.0,93.336444357,LIN,ChemistN
1829028,2018-10-30,5.0,50-085,01/15/2019,,,702R00185B,,08-011,13-028-0104,1.0,09/29/2020,001,17.0,2.8810150562,18.0,93.59611200799999,LIN,ChemistN
1830605,2018-11-07,5.0,50-085,01/15/2019,,,702R00185B,,08-011,13-028-0104,1.0,09/29/2020,001,17.0,2.910545782,18.0,93.57112779200001,LIN,ChemistN
1837839,2018-12-06,5.0,50-085,01/15/2019,,,702R00185B,,08-068,13-028-0104,1.0,09/29/2020,001,17.0,2.9430336212,10.0,93.393914639,LIN,ChemistN
1841287,2018-12-19,5.0,07-074,03/14/2019,,,702R00185B,,08-081,13-028-0104,1.0,09/29/2020,001,17.0,2.900131876,18.0,93.443804306,LIN,ChemistR
1844457,2019-01-08,5.0,07-074,03/14/2019,,,702R00185B,,15-011,13-028-0104,1.0,09/29/2020,001,17.0,2.9150813741,18.0,93.068264316,LIN,ChemistN
1850672,2019-01-30,5.0,15-065,04/30/2019,,,702R00185B,,15-011,13-028-0104,1.0,09/29/2020,001,17.0,2.919481837,18.0,93.348949303,LIN,ChemistN
1854306,2019-02-12,5.0,15-065,04/30/2019,,,70R00185B,,15-069,13-028-0104,1.0,09/29/2020,001,17.0,2.9183566251,184.0,93.32147592700001,LIN,ChemistN
